,original,rabbit_diet,validation,validation_qc,sufficient_sample,second_runs,animal,sex,cohort,gluc_tol,bg_type,OGTT_week,week,num_wk_before_ogtt,ogtt,insulin,has_ogtt,bg,File Name_lipid,fr_name,lipidex_file_number,date,File Name_metab,metab_run_order,fixed_filename,qc_rep,qc_dilution,blank_file,quant_file,lipid_run_order
1091_8_FBG,TRUE,FALSE,FALSE,FALSE,TRUE,FALSE,1091,M,10wk,normal,FBG,12,8,4,317.6666667,10.89158333,TRUE,53.33333333,20210729_AJ_Toh_RatBloodGlucose_T1091M_20210327_8wk_FBG,20210729_AJ_Toh_RatBloodGlucose_T1091M_20210327_8wk_FBG.raw (F35),35,3/27/2021,20210831_KAO_HILIC_T1091M_20210327_8wk_FBG,63,20210831_KAO_HILIC_T1091M_20210327_8wk_FBG,FALSE,FALSE,FALSE,TRUE,56
1091_9_FBG,FALSE,FALSE,FALSE,FALSE,TRUE,FALSE,1091,M,10wk,normal,FBG,12,9,3,317.6666667,10.89158333,TRUE,63,20210729_AJ_Toh_RatBloodGlucose_T1091M_20210402_9wk_FBG,20210729_AJ_Toh_RatBloodGlucose_T1091M_20210402_9wk_FBG.raw (F37),37,4/2/2021,20210831_KAO_HILIC_T1091M_20210402_9wk_FBG,29,20210831_KAO_HILIC_T1091M_20210402_9wk_FBG,FALSE,FALSE,FALSE,TRUE,46
1091_10_FBG,TRUE,FALSE,FALSE,FALSE,TRUE,FALSE,1091,M,10wk,normal,FBG,12,10,2,317.6666667,10.89158333,TRUE,48.5,20210729_AJ_Toh_RatBloodGlucose_T1091M_20210410_10wk_FBG,20210729_AJ_Toh_RatBloodGlucose_T1091M_20210410_10wk_FBG.raw (F39),39,4/10/2021,20210831_KAO_HILIC_T1091M_20210410_10wk_FBG,56,20210831_KAO_HILIC_T1091M_20210410_10wk_FBG,FALSE,FALSE,FALSE,TRUE,11
1093_8_FBG,TRUE,FALSE,FALSE,FALSE,TRUE,FALSE,1093,M,10wk,normal,FBG,12,8,4,417.625,7.558083333,TRUE,47,20210729_AJ_Toh_RatBloodGlucose_T1093M_20210327_8wk_FBG,20210729_AJ_Toh_RatBloodGlucose_T1093M_20210327_8wk_FBG.raw (F47),47,3/27/2021,20210831_KAO_HILIC_T1093M_20210327_8wk_FBG,32,20210831_KAO_HILIC_T1093M_20210327_8wk_FBG,FALSE,FALSE,FALSE,TRUE,34
1093_9_FBG,TRUE,FALSE,FALSE,FALSE,TRUE,FALSE,1093,M,10wk,normal,FBG,12,9,3,417.625,7.558083333,TRUE,64,20210729_AJ_Toh_RatBloodGlucose_T1093M_20210402_9wk_FBG,20210729_AJ_Toh_RatBloodGlucose_T1093M_20210402_9wk_FBG.raw (F49),49,4/2/2021,20210831_KAO_HILIC_T1093M_20210402_9wk_FBG,50,20210831_KAO_HILIC_T1093M_20210402_9wk_FBG,FALSE,FALSE,FALSE,TRUE,9
1093_10_FBG,TRUE,FALSE,FALSE,FALSE,TRUE,FALSE,1093,M,10wk,normal,FBG,12,10,2,417.625,7.558083333,TRUE,56.5,20210729_AJ_Toh_RatBloodGlucose_T1093M_20210410_10wk_FBG,20210729_AJ_Toh_RatBloodGlucose_T1093M_20210410_10wk_FBG.raw (F51),51,4/10/2021,20210831_KAO_HILIC_T1093M_20210410_10wk_FBG,19,20210831_KAO_HILIC_T1093M_20210410_10wk_FBG,FALSE,FALSE,FALSE,TRUE,49
1060_8_FBG,TRUE,FALSE,FALSE,FALSE,TRUE,FALSE,1060,M,10wk,impaired,FBG,12,8,4,812.375,7.049,TRUE,41,20210729_AJ_Toh_RatBloodGlucose_T1060M_20210322_8wk_FBG,20210729_AJ_Toh_RatBloodGlucose_T1060M_20210322_8wk_FBG.raw (F3),3,3/22/2021,20210831_KAO_HILIC_T1060M_20210322_8wk_FBG,13,20210831_KAO_HILIC_T1060M_20210322_8wk_FBG,FALSE,FALSE,FALSE,TRUE,27
1060_9_FBG,TRUE,FALSE,FALSE,FALSE,TRUE,FALSE,1060,M,10wk,impaired,FBG,12,9,3,812.375,7.049,TRUE,48,20210729_AJ_Toh_RatBloodGlucose_T1060M_20210329_9wk_FBG,20210729_AJ_Toh_RatBloodGlucose_T1060M_20210329_9wk_FBG.raw (F5),5,3/29/2021,20210831_KAO_HILIC_T1060M_20210329_9wk_FBG,26,20210831_KAO_HILIC_T1060M_20210329_9wk_FBG,FALSE,FALSE,FALSE,TRUE,43
1060_10_FBG,TRUE,FALSE,FALSE,FALSE,TRUE,FALSE,1060,M,10wk,impaired,FBG,12,10,2,812.375,7.049,TRUE,52.5,20210729_AJ_Toh_RatBloodGlucose_T1060M_20210405_10wk_FBG,20210729_AJ_Toh_RatBloodGlucose_T1060M_20210405_10wk_FBG.raw (F7),7,4/5/2021,20210831_KAO_HILIC_T1060M_20210405_10wk_FBG,20,20210831_KAO_HILIC_T1060M_20210405_10wk_FBG,FALSE,FALSE,FALSE,TRUE,29
1062_8_FBG,TRUE,FALSE,FALSE,FALSE,TRUE,FALSE,1062,M,10wk,impaired,FBG,12,8,4,728.625,7.200333333,TRUE,52.33333333,20210729_AJ_Toh_RatBloodGlucose_T1062M_20210322_8wk_FBG,20210729_AJ_Toh_RatBloodGlucose_T1062M_20210322_8wk_FBG.raw (F9),9,3/22/2021,20210831_KAO_HILIC_T1062M_20210322_8wk_FBG,61,20210831_KAO_HILIC_T1062M_20210322_8wk_FBG,FALSE,FALSE,FALSE,TRUE,8
1062_9_FBG,TRUE,FALSE,FALSE,FALSE,TRUE,FALSE,1062,M,10wk,impaired,FBG,12,9,3,728.625,7.200333333,TRUE,48,20210729_AJ_Toh_RatBloodGlucose_T1062M_20210329_9wk_FBG_QC2,20210729_AJ_Toh_RatBloodGlucose_T1062M_20210329_9wk_FBG_QC2.raw (F12),12,3/29/2021,20210831_KAO_HILIC_T1062M_20210329_9wk_FBG,55,20210831_KAO_HILIC_T1062M_20210329_9wk_FBG,FALSE,FALSE,FALSE,TRUE,37
1062_10_FBG,TRUE,FALSE,FALSE,FALSE,TRUE,FALSE,1062,M,10wk,impaired,FBG,12,10,2,728.625,7.200333333,TRUE,40,20210729_AJ_Toh_RatBloodGlucose_T1062M_20210405_10wk_FBG,20210729_AJ_Toh_RatBloodGlucose_T1062M_20210405_10wk_FBG.raw (F15),15,4/5/2021,20210831_KAO_HILIC_T1062M_20210405_10wk_FBG,9,20210831_KAO_HILIC_T1062M_20210405_10wk_FBG,FALSE,FALSE,FALSE,TRUE,40
1074_8_FBG,TRUE,FALSE,FALSE,FALSE,TRUE,FALSE,1074,M,10wk,impaired,FBG,12,8,4,587.5,10.44433333,TRUE,171.3333333,20210729_AJ_Toh_RatBloodGlucose_T1074M_20210322_8wk_FBG,20210729_AJ_Toh_RatBloodGlucose_T1074M_20210322_8wk_FBG.raw (F17),17,3/22/2021,20210831_KAO_HILIC_T1074M_20210322_8wk_FBG,66,20210831_KAO_HILIC_T1074M_20210322_8wk_FBG,FALSE,FALSE,FALSE,TRUE,23
1074_9_FBG,TRUE,FALSE,FALSE,FALSE,TRUE,FALSE,1074,M,10wk,impaired,FBG,12,9,3,587.5,10.44433333,TRUE,51.5,20210729_AJ_Toh_RatBloodGlucose_T1074M_20210329_9wk_FBG,20210729_AJ_Toh_RatBloodGlucose_T1074M_20210329_9wk_FBG.raw (F19),19,3/29/2021,20210831_KAO_HILIC_T1074M_20210329_9wk_FBG,46,20210831_KAO_HILIC_T1074M_20210329_9wk_FBG,FALSE,FALSE,FALSE,TRUE,62
1074_10_FBG,TRUE,FALSE,FALSE,FALSE,TRUE,FALSE,1074,M,10wk,impaired,FBG,12,10,2,587.5,10.44433333,TRUE,55,20210729_AJ_Toh_RatBloodGlucose_T1074M_20210405_10wk_FBG,20210729_AJ_Toh_RatBloodGlucose_T1074M_20210405_10wk_FBG.raw (F21),21,4/5/2021,20210831_KAO_HILIC_T1074M_20210405_10wk_FBG,57,20210831_KAO_HILIC_T1074M_20210405_10wk_FBG,FALSE,FALSE,FALSE,TRUE,19
1092_8_FBG,TRUE,FALSE,FALSE,FALSE,TRUE,FALSE,1092,M,10wk,impaired,FBG,12,8,4,567.0416667,21.9425,TRUE,46,20210729_AJ_Toh_RatBloodGlucose_T1092M_20210327_8wk_FBG,20210729_AJ_Toh_RatBloodGlucose_T1092M_20210327_8wk_FBG.raw (F41),41,3/27/2021,20210831_KAO_HILIC_T1092M_20210327_8wk_FBG,12,20210831_KAO_HILIC_T1092M_20210327_8wk_FBG,FALSE,FALSE,FALSE,TRUE,39
1092_9_FBG,TRUE,FALSE,FALSE,FALSE,TRUE,FALSE,1092,M,10wk,impaired,FBG,12,9,3,567.0416667,21.9425,TRUE,63.5,20210729_AJ_Toh_RatBloodGlucose_T1092M_20210402_9wk_FBG,20210729_AJ_Toh_RatBloodGlucose_T1092M_20210402_9wk_FBG.raw (F43),43,4/2/2021,20210831_KAO_HILIC_T1092M_20210402_wk_FBG,31,20210831_KAO_HILIC_T1092M_20210402_9wk_FBG,FALSE,FALSE,FALSE,TRUE,22
1092_10_FBG,TRUE,FALSE,FALSE,FALSE,TRUE,FALSE,1092,M,10wk,impaired,FBG,12,10,2,567.0416667,21.9425,TRUE,51.5,20210729_AJ_Toh_RatBloodGlucose_T1092M_20210410_10wk_FBG,20210729_AJ_Toh_RatBloodGlucose_T1092M_20210410_10wk_FBG.raw (F45),45,4/10/2021,20210831_KAO_HILIC_T1092_20210410_10wk_FBG,43,20210831_KAO_HILIC_T1092M_20210410_10wk_FBG,FALSE,FALSE,FALSE,TRUE,57
1102_8_FBG,TRUE,FALSE,FALSE,FALSE,TRUE,FALSE,1102,M,10wk,impaired,FBG,12,8,4,776.0833333,6.283833333,TRUE,39.33333333,20210729_AJ_Toh_RatBloodGlucose_T1102M_20210327_8wk_FBG,20210729_AJ_Toh_RatBloodGlucose_T1102M_20210327_8wk_FBG.raw (F59),59,3/27/2021,20210831_KAO_HILIC_T1102M_20210327_8wk_FBG,65,20210831_KAO_HILIC_T1102M_20210327_8wk_FBG,FALSE,FALSE,FALSE,TRUE,51
1102_9_FBG,TRUE,FALSE,FALSE,FALSE,TRUE,FALSE,1102,M,10wk,impaired,FBG,12,9,3,776.0833333,6.283833333,TRUE,41,20210729_AJ_Toh_RatBloodGlucose_T1102M_20210402_9wk_FBG,20210729_AJ_Toh_RatBloodGlucose_T1102M_20210402_9wk_FBG.raw (F61),61,4/2/2021,20210831_KAO_HILIC_T1102M_20210402_9wk_FBG,16,20210831_KAO_HILIC_T1102M_20210402_9wk_FBG,FALSE,FALSE,FALSE,TRUE,47
1102_10_FBG,TRUE,FALSE,FALSE,FALSE,TRUE,FALSE,1102,M,10wk,impaired,FBG,12,10,2,776.0833333,6.283833333,TRUE,43.33333333,20210729_AJ_Toh_RatBloodGlucose_T1102M_20210410_10wk_FBG,20210729_AJ_Toh_RatBloodGlucose_T1102M_20210410_10wk_FBG.raw (F63),63,4/10/2021,20210831_KAO_HILIC_T1102M_20210410_10wk_FBG,48,20210831_KAO_HILIC_T1102M_20210410_10wk_FBG,FALSE,FALSE,FALSE,TRUE,60
1076_8_FBG,TRUE,FALSE,FALSE,FALSE,TRUE,FALSE,1076,M,10wk,diabetic,FBG,12,8,4,1004.083333,3.96675,TRUE,174.3333333,20210729_AJ_Toh_RatBloodGlucose_T1076M_20210322_8wk_FBG,20210729_AJ_Toh_RatBloodGlucose_T1076M_20210322_8wk_FBG.raw (F23),23,3/22/2021,20210831_KAO_HILIC_T1076M_20210322_8wk_FBG,37,20210831_KAO_HILIC_T1076M_20210322_8wk_FBG,FALSE,FALSE,FALSE,TRUE,54
1076_9_FBG,TRUE,FALSE,FALSE,FALSE,TRUE,FALSE,1076,M,10wk,diabetic,FBG,12,9,3,1004.083333,3.96675,TRUE,78.5,20210729_AJ_Toh_RatBloodGlucose_T1076M_20210329_9wk_FBG,20210729_AJ_Toh_RatBloodGlucose_T1076M_20210329_9wk_FBG.raw (F25),25,3/29/2021,20210831_KAO_HILIC_T1076M_20210329_9wk_FBG,6,20210831_KAO_HILIC_T1076M_20210329_9wk_FBG,FALSE,FALSE,FALSE,TRUE,21
1076_10_FBG,TRUE,FALSE,FALSE,FALSE,TRUE,FALSE,1076,M,10wk,diabetic,FBG,12,10,2,1004.083333,3.96675,TRUE,71,20210729_AJ_Toh_RatBloodGlucose_T1076M_20210405_10wk_FBG,20210729_AJ_Toh_RatBloodGlucose_T1076M_20210405_10wk_FBG.raw (F27),27,4/5/2021,20210831_KAO_HILIC_T1076M_20210405_10wk_FBG,21,20210831_KAO_HILIC_T1076M_20210405_10wk_FBG,FALSE,FALSE,FALSE,TRUE,7
1082_8_FBG,TRUE,FALSE,FALSE,FALSE,TRUE,FALSE,1082,M,10wk,diabetic,FBG,12,8,4,941.0416667,3.310833333,TRUE,59,20210729_AJ_Toh_RatBloodGlucose_T1082M_20210322_8wk_FBG,20210729_AJ_Toh_RatBloodGlucose_T1082M_20210322_8wk_FBG.raw (F29),29,3/22/2021,20210831_KAO_HILIC_T1082M_20210322_8wk_FBG,36,20210831_KAO_HILIC_T1082M_20210322_8wk_FBG,FALSE,FALSE,FALSE,TRUE,52
1082_9_FBG,TRUE,FALSE,FALSE,FALSE,TRUE,FALSE,1082,M,10wk,diabetic,FBG,12,9,3,941.0416667,3.310833333,TRUE,53.33333333,20210729_AJ_Toh_RatBloodGlucose_T1082M_20210329_9wk_FBG,20210729_AJ_Toh_RatBloodGlucose_T1082M_20210329_9wk_FBG.raw (F31),31,3/29/2021,20210831_KAO_HILIC_T1082M_20210329_9wk_FBG,17,20210831_KAO_HILIC_T1082M_20210329_9wk_FBG,FALSE,FALSE,FALSE,TRUE,25
1082_10_FBG,TRUE,FALSE,FALSE,FALSE,TRUE,FALSE,1082,M,10wk,diabetic,FBG,12,10,2,941.0416667,3.310833333,TRUE,50,20210729_AJ_Toh_RatBloodGlucose_T1082M_20210405_10wk_FBG,20210729_AJ_Toh_RatBloodGlucose_T1082M_20210405_10wk_FBG.raw (F33),33,4/5/2021,20210831_KAO_HILIC_T1082M_20210405_10wk_FBG,41,20210831_KAO_HILIC_T1082M_20210405_10wk_FBG,FALSE,FALSE,FALSE,TRUE,14
1101_8_FBG,TRUE,FALSE,FALSE,FALSE,TRUE,FALSE,1101,M,10wk,diabetic,FBG,12,8,4,916.7916667,2.5651,TRUE,40.75,20210729_AJ_Toh_RatBloodGlucose_T1101M_20210327_8wk_FBG,20210729_AJ_Toh_RatBloodGlucose_T1101M_20210327_8wk_FBG.raw (F53),53,3/27/2021,20210831_KAO_HILIC_T1101M_20210327_8wk_FBG,8,20210831_KAO_HILIC_T1101M_20210327_8wk_FBG,FALSE,FALSE,FALSE,TRUE,50
1101_9_FBG,TRUE,FALSE,FALSE,FALSE,TRUE,FALSE,1101,M,10wk,diabetic,FBG,12,9,3,916.7916667,2.5651,TRUE,43,20210729_AJ_Toh_RatBloodGlucose_T1101M_20210402_9wk_FBG,20210729_AJ_Toh_RatBloodGlucose_T1101M_20210402_9wk_FBG.raw (F55),55,4/2/2021,20210831_KAO_HILIC_T1101M_20210402_9wk_FBG,44,20210831_KAO_HILIC_T1101M_20210402_9wk_FBG,FALSE,FALSE,FALSE,TRUE,16
1101_10_FBG,TRUE,FALSE,FALSE,FALSE,TRUE,FALSE,1101,M,10wk,diabetic,FBG,12,10,2,916.7916667,2.5651,TRUE,44.5,20210729_AJ_Toh_RatBloodGlucose_T1101M_20210410_10wk_FBG,20210729_AJ_Toh_RatBloodGlucose_T1101M_20210410_10wk_FBG.raw (F57),57,4/10/2021,20210831_KAO_HILIC_T1101M_20210410_10wk_FBG,54,20210831_KAO_HILIC_T1101M_20210410_10wk_FBG,FALSE,FALSE,FALSE,TRUE,33
1091_8_RBG,TRUE,FALSE,FALSE,FALSE,TRUE,FALSE,1091,M,10wk,normal,RBG,12,8,4,317.6666667,10.89158333,TRUE,108.5,20210729_AJ_Toh_RatBloodGlucose_T1091M_20210330_8wk_RBG,20210729_AJ_Toh_RatBloodGlucose_T1091M_20210330_8wk_RBG.raw (F36),36,3/30/2021,20210831_KAO_HILIC_T1091M_20210330_8wk_RBG,40,20210831_KAO_HILIC_T1091M_20210330_8wk_RBG,FALSE,FALSE,FALSE,TRUE,18
1091_9_RBG,TRUE,FALSE,FALSE,FALSE,TRUE,FALSE,1091,M,10wk,normal,RBG,12,9,3,317.6666667,10.89158333,TRUE,86,20210729_AJ_Toh_RatBloodGlucose_T1091M_20210406_9wk_RBG,20210729_AJ_Toh_RatBloodGlucose_T1091M_20210406_9wk_RBG.raw (F38),38,4/6/2021,20210831_KAO_HILIC_T1091M_20210406_9wk_RBG,27,20210831_KAO_HILIC_T1091M_20210406_9wk_RBG,FALSE,FALSE,FALSE,TRUE,32
1091_10_RBG,TRUE,FALSE,FALSE,FALSE,TRUE,FALSE,1091,M,10wk,normal,RBG,12,10,2,317.6666667,10.89158333,TRUE,71.5,20210729_AJ_Toh_RatBloodGlucose_T1091M_20210413_10wk_RBG,20210729_AJ_Toh_RatBloodGlucose_T1091M_20210413_10wk_RBG.raw (F40),40,4/13/2021,20210831_KAO_HILIC_T1091M_20210413_10wk_RBG,33,20210831_KAO_HILIC_T1091M_20210413_10wk_RBG,FALSE,FALSE,FALSE,TRUE,24
1093_8_RBG,TRUE,FALSE,FALSE,FALSE,TRUE,FALSE,1093,M,10wk,normal,RBG,12,8,4,417.625,7.558083333,TRUE,82,20210729_AJ_Toh_RatBloodGlucose_T1093M_20210330_8wk_RBG,20210729_AJ_Toh_RatBloodGlucose_T1093M_20210330_8wk_RBG.raw (F48),48,3/30/2021,20210831_KAO_HILIC_T1093M_20210330_8wk_RBG,14,20210831_KAO_HILIC_T1093M_20210330_8wk_RBG,FALSE,FALSE,FALSE,TRUE,61
1093_9_RBG,TRUE,FALSE,FALSE,FALSE,TRUE,FALSE,1093,M,10wk,normal,RBG,12,9,3,417.625,7.558083333,TRUE,83,20210729_AJ_Toh_RatBloodGlucose_T1093M_20210406_9wk_RBG,20210729_AJ_Toh_RatBloodGlucose_T1093M_20210406_9wk_RBG.raw (F50),50,4/6/2021,20210831_KAO_HILIC_T193M20210406_9wk_RBG,35,20210831_KAO_HILIC_T1093M_20210406_9wk_RBG,FALSE,FALSE,FALSE,TRUE,28
1093_10_RBG,TRUE,FALSE,FALSE,FALSE,TRUE,FALSE,1093,M,10wk,normal,RBG,12,10,2,417.625,7.558083333,TRUE,69.5,20210729_AJ_Toh_RatBloodGlucose_T1093M_20210413_10wk_RBG,20210729_AJ_Toh_RatBloodGlucose_T1093M_20210413_10wk_RBG.raw (F52),52,4/13/2021,20210831_KAO_HILIC_T1093M_20210413_10wk_RBG,45,20210831_KAO_HILIC_T1093M_20210413_10wk_RBG,FALSE,FALSE,FALSE,TRUE,13
1060_8_RBG,TRUE,FALSE,FALSE,FALSE,TRUE,FALSE,1060,M,10wk,impaired,RBG,12,8,4,812.375,7.049,TRUE,225,20210729_AJ_Toh_RatBloodGlucose_T1060M_20210325_8wk_RBG,20210729_AJ_Toh_RatBloodGlucose_T1060M_20210325_8wk_RBG.raw (F4),4,3/25/2021,20210831_KAO_HILIC_T1060M_20210325_8wk_RBG,59,20210831_KAO_HILIC_T1060M_20210325_8wk_RBG,FALSE,FALSE,FALSE,TRUE,10
1060_9_RBG,TRUE,FALSE,FALSE,FALSE,TRUE,FALSE,1060,M,10wk,impaired,RBG,12,9,3,812.375,7.049,TRUE,83,20210729_AJ_Toh_RatBloodGlucose_T1060M_20210401_9wk_RBG,20210729_AJ_Toh_RatBloodGlucose_T1060M_20210401_9wk_RBG.raw (F6),6,4/1/2021,20210831_KAO_HILIC_T1060M_20210401_9wk_RBG,5,20210831_KAO_HILIC_T1060M_20210401_9wk_RBG,FALSE,FALSE,FALSE,TRUE,15
1060_10_RBG,TRUE,FALSE,FALSE,FALSE,TRUE,FALSE,1060,M,10wk,impaired,RBG,12,10,2,812.375,7.049,TRUE,206,20210729_AJ_Toh_RatBloodGlucose_T1060M_20210408_10wk_RBG,20210729_AJ_Toh_RatBloodGlucose_T1060M_20210408_10wk_RBG.raw (F8),8,4/8/2021,20210831_KAO_HILIC_T1060M_20210408_10wk_RBG,64,20210831_KAO_HILIC_T1060M_20210408_10wk_RBG,FALSE,FALSE,FALSE,TRUE,53
1062_8_RBG,TRUE,FALSE,FALSE,FALSE,TRUE,FALSE,1062,M,10wk,impaired,RBG,12,8,4,728.625,7.200333333,TRUE,256.5,20210729_AJ_Toh_RatBloodGlucose_T1062M_20210325_8wk_RBG,20210729_AJ_Toh_RatBloodGlucose_T1062M_20210325_8wk_RBG.raw (F10),10,3/25/2021,20210831_KAO_HILIC_T1062M_20210325_8wk_RBG,34,20210831_KAO_HILIC_T1062M_20210325_8wk_RBG,FALSE,FALSE,FALSE,TRUE,59
1062_9_RBG,TRUE,FALSE,FALSE,FALSE,TRUE,FALSE,1062,M,10wk,impaired,RBG,12,9,3,728.625,7.200333333,TRUE,250.5,20210729_AJ_Toh_RatBloodGlucose_T1062M_20210401_9wk_RBG,20210729_AJ_Toh_RatBloodGlucose_T1062M_20210401_9wk_RBG.raw (F14),14,4/1/2021,20210831_KAO_HILIC_T1062M_20210401_9wk_RBG,42,20210831_KAO_HILIC_T1062M_20210401_9wk_RBG,FALSE,FALSE,FALSE,TRUE,63
1062_10_RBG,TRUE,FALSE,FALSE,FALSE,TRUE,FALSE,1062,M,10wk,impaired,RBG,12,10,2,728.625,7.200333333,TRUE,139.5,20210729_AJ_Toh_RatBloodGlucose_T1062M_20210408_10wk_RBG,20210729_AJ_Toh_RatBloodGlucose_T1062M_20210408_10wk_RBG.raw (F16),16,4/8/2021,20210831_KAO_HILIC_T1062M_20210408_10wk_RBG,51,20210831_KAO_HILIC_T1062M_20210408_10wk_RBG,FALSE,FALSE,FALSE,TRUE,17
1074_8_RBG,TRUE,FALSE,FALSE,FALSE,TRUE,FALSE,1074,M,10wk,impaired,RBG,12,8,4,587.5,10.44433333,TRUE,232.5,20210729_AJ_Toh_RatBloodGlucose_T1074M_20210325_8wk_RBG,20210729_AJ_Toh_RatBloodGlucose_T1074M_20210325_8wk_RBG.raw (F18),18,3/25/2021,20210831_KAO_HILIC_T1074M_20210325_8wk_RBG,25,20210831_KAO_HILIC_T1074M_20210325_8wk_RBG,FALSE,FALSE,FALSE,TRUE,35
1074_9_RBG,TRUE,FALSE,FALSE,FALSE,TRUE,FALSE,1074,M,10wk,impaired,RBG,12,9,3,587.5,10.44433333,TRUE,203.5,20210729_AJ_Toh_RatBloodGlucose_T1074M_20210401_9wk_RBG,20210729_AJ_Toh_RatBloodGlucose_T1074M_20210401_9wk_RBG.raw (F20),20,4/1/2021,20210831_KAO_HILIC_T1074M_20210401_9wk_RBG,15,20210831_KAO_HILIC_T1074M_20210401_9wk_RBG,FALSE,FALSE,FALSE,TRUE,31
1074_10_RBG,TRUE,FALSE,FALSE,FALSE,TRUE,FALSE,1074,M,10wk,impaired,RBG,12,10,2,587.5,10.44433333,TRUE,205.5,20210729_AJ_Toh_RatBloodGlucose_T1074M_20210408_10wk_RBG,20210729_AJ_Toh_RatBloodGlucose_T1074M_20210408_10wk_RBG.raw (F22),22,4/8/2021,20210831_KAO_HILIC_T1074M_20210408_10wk_RBG,49,20210831_KAO_HILIC_T1074M_20210408_10wk_RBG,FALSE,FALSE,FALSE,TRUE,42
1092_8_RBG,TRUE,FALSE,FALSE,FALSE,TRUE,FALSE,1092,M,10wk,impaired,RBG,12,8,4,567.0416667,21.9425,TRUE,76,20210729_AJ_Toh_RatBloodGlucose_T1092M_20210330_8wk_RBG,20210729_AJ_Toh_RatBloodGlucose_T1092M_20210330_8wk_RBG.raw (F42),42,3/30/2021,20210831_KAO_HILIC_T1092M_20210330_8wk_RBG,62,20210831_KAO_HILIC_T1092M_20210330_8wk_RBG,FALSE,FALSE,FALSE,TRUE,65
1092_9_RBG,TRUE,FALSE,FALSE,FALSE,TRUE,FALSE,1092,M,10wk,impaired,RBG,12,9,3,567.0416667,21.9425,TRUE,70.5,20210729_AJ_Toh_RatBloodGlucose_T1092M_20210406_9wk_RBG,20210729_AJ_Toh_RatBloodGlucose_T1092M_20210406_9wk_RBG.raw (F44),44,4/6/2021,20210831_KAO_HILIC_T1092M_20210406_9wk_RBG,18,20210831_KAO_HILIC_T1092M_20210406_9wk_RBG,FALSE,FALSE,FALSE,TRUE,12
1092_10_RBG,TRUE,FALSE,FALSE,FALSE,TRUE,FALSE,1092,M,10wk,impaired,RBG,12,10,2,567.0416667,21.9425,TRUE,59,20210729_AJ_Toh_RatBloodGlucose_T1092M_20210413_10wk_RBG,20210729_AJ_Toh_RatBloodGlucose_T1092M_20210413_10wk_RBG.raw (F46),46,4/13/2021,20210831_KAO_HILIC_T1092M_20210413_10wk_RBG,7,20210831_KAO_HILIC_T1092M_20210413_10wk_RBG,FALSE,FALSE,FALSE,TRUE,66
1102_8_RBG,TRUE,FALSE,FALSE,FALSE,TRUE,FALSE,1102,M,10wk,impaired,RBG,12,8,4,776.0833333,6.283833333,TRUE,299.5,20210729_AJ_Toh_RatBloodGlucose_T1102M_20210330_8wk_RBG,20210729_AJ_Toh_RatBloodGlucose_T1102M_20210330_8wk_RBG.raw (F60),60,3/30/2021,20210831_KAO_HILIC_T112M_20210330_8wk_RBG,39,20210831_KAO_HILIC_T1102M_20210330_8wk_RBG,FALSE,FALSE,FALSE,TRUE,41
1102_9_RBG,TRUE,FALSE,FALSE,FALSE,TRUE,FALSE,1102,M,10wk,impaired,RBG,12,9,3,776.0833333,6.283833333,TRUE,227.5,20210729_AJ_Toh_RatBloodGlucose_T1102M_20210406_9wk_RBG,20210729_AJ_Toh_RatBloodGlucose_T1102M_20210406_9wk_RBG.raw (F62),62,4/6/2021,20210831_KAO_HILIC_T1102M_20210406_9wk_RBG,60,20210831_KAO_HILIC_T1102M_20210406_9wk_RBG,FALSE,FALSE,FALSE,TRUE,48
1102_10_RBG,TRUE,FALSE,FALSE,FALSE,TRUE,FALSE,1102,M,10wk,impaired,RBG,12,10,2,776.0833333,6.283833333,TRUE,308,20210729_AJ_Toh_RatBloodGlucose_T1102M_20210413_10wk_RBG,20210729_AJ_Toh_RatBloodGlucose_T1102M_20210413_10wk_RBG.raw (F64),64,4/13/2021,20210831_KAO_HILIC_T1102M_20210413_10wk_RBG,24,20210831_KAO_HILIC_T1102M_20210413_10wk_RBG,FALSE,FALSE,FALSE,TRUE,36
1076_8_RBG,TRUE,FALSE,FALSE,FALSE,TRUE,FALSE,1076,M,10wk,diabetic,RBG,12,8,4,1004.083333,3.96675,TRUE,387.6666667,20210729_AJ_Toh_RatBloodGlucose_T1076M_20210325_8wk_RBG,20210729_AJ_Toh_RatBloodGlucose_T1076M_20210325_8wk_RBG.raw (F24),24,3/25/2021,20210831_KAO_HILIC_T1076M_20210325_8wk_RBG,47,20210831_KAO_HILIC_T1076M_20210325_8wk_RBG,FALSE,FALSE,FALSE,TRUE,26
1076_9_RBG,TRUE,FALSE,FALSE,FALSE,TRUE,FALSE,1076,M,10wk,diabetic,RBG,12,9,3,1004.083333,3.96675,TRUE,281,20210729_AJ_Toh_RatBloodGlucose_T1076M_20210401_9wk_RBG,20210729_AJ_Toh_RatBloodGlucose_T1076M_20210401_9wk_RBG.raw (F26),26,4/1/2021,20210831_KAO_HILIC_T1076M_20210401_9wk_RBG,58,20210831_KAO_HILIC_T1076M_20210401_9wk_RBG,FALSE,FALSE,FALSE,TRUE,38
1076_10_RBG,TRUE,FALSE,FALSE,FALSE,TRUE,FALSE,1076,M,10wk,diabetic,RBG,12,10,2,1004.083333,3.96675,TRUE,349,20210729_AJ_Toh_RatBloodGlucose_T1076M_20210408_10wk_RBG,20210729_AJ_Toh_RatBloodGlucose_T1076M_20210408_10wk_RBG.raw (F28),28,4/8/2021,20210831_KAO_HILIC_T1076M_20210408_10wk_RBG,30,20210831_KAO_HILIC_T1076M_20210408_10wk_RBG,FALSE,FALSE,FALSE,TRUE,45
1082_8_RBG,TRUE,FALSE,FALSE,FALSE,TRUE,FALSE,1082,M,10wk,diabetic,RBG,12,8,4,941.0416667,3.310833333,TRUE,272,20210729_AJ_Toh_RatBloodGlucose_T1082M_20210325_8wk_RBG,20210729_AJ_Toh_RatBloodGlucose_T1082M_20210325_8wk_RBG.raw (F30),30,3/25/2021,20210831_KAO_HILIC_T1082M_20210325_8wk_RBG,52,20210831_KAO_HILIC_T1082M_20210325_8wk_RBG,FALSE,FALSE,FALSE,TRUE,58
1082_9_RBG,TRUE,FALSE,FALSE,FALSE,TRUE,FALSE,1082,M,10wk,diabetic,RBG,12,9,3,941.0416667,3.310833333,TRUE,339.5,20210729_AJ_Toh_RatBloodGlucose_T1082M_20210401_9wk_RBG,20210729_AJ_Toh_RatBloodGlucose_T1082M_20210401_9wk_RBG.raw (F32),32,4/1/2021,20210831_KAO_HILIC_T1082M_20210401_9wk_RBG,67,20210831_KAO_HILIC_T1082M_20210401_9wk_RBG,FALSE,FALSE,FALSE,TRUE,44
1082_10_RBG,TRUE,FALSE,FALSE,FALSE,TRUE,FALSE,1082,M,10wk,diabetic,RBG,12,10,2,941.0416667,3.310833333,TRUE,330.5,20210729_AJ_Toh_RatBloodGlucose_T1082M_20210408_10wk_RBG,20210729_AJ_Toh_RatBloodGlucose_T1082M_20210408_10wk_RBG.raw (F34),34,4/8/2021,20210831_KAO_HILIC_T1082M_20210408_10wk_RBG,11,20210831_KAO_HILIC_T1082M_20210408_10wk_RBG,FALSE,FALSE,FALSE,TRUE,30
1101_8_RBG,TRUE,FALSE,FALSE,FALSE,TRUE,FALSE,1101,M,10wk,diabetic,RBG,12,8,4,916.7916667,2.5651,TRUE,459.5,20210729_AJ_Toh_RatBloodGlucose_T1101M_20210330_8wk_RBG,20210729_AJ_Toh_RatBloodGlucose_T1101M_20210330_8wk_RBG.raw (F54),54,3/30/2021,20210831_KAO_HILIC_T1101M_20210330_8wk_RBG,28,20210831_KAO_HILIC_T1101M_20210330_8wk_RBG,FALSE,FALSE,FALSE,TRUE,64
1101_9_RBG,TRUE,FALSE,FALSE,FALSE,TRUE,FALSE,1101,M,10wk,diabetic,RBG,12,9,3,916.7916667,2.5651,TRUE,342.6666667,20210729_AJ_Toh_RatBloodGlucose_T1101M_20210406_9wk_RBG,20210729_AJ_Toh_RatBloodGlucose_T1101M_20210406_9wk_RBG.raw (F56),56,4/6/2021,20210831_KAO_HILIC_T1101M_20210406_9wk_RBG,23,20210831_KAO_HILIC_T1101M_20210406_9wk_RBG,FALSE,FALSE,FALSE,TRUE,55
1101_10_RBG,TRUE,FALSE,FALSE,FALSE,TRUE,FALSE,1101,M,10wk,diabetic,RBG,12,10,2,916.7916667,2.5651,TRUE,352,20210729_AJ_Toh_RatBloodGlucose_T1101M_20210413_10wk_RBG,20210729_AJ_Toh_RatBloodGlucose_T1101M_20210413_10wk_RBG.raw (F58),58,4/13/2021,20210831_KAO_HILIC_T1101M_20210413_10wk_RBG,10,20210831_KAO_HILIC_T1101M_20210413_10wk_RBG,FALSE,FALSE,FALSE,TRUE,20
1061_10_RBG,FALSE,FALSE,FALSE,FALSE,TRUE,TRUE,1061,M,10wk,,RBG,12,10,2,774.75,,TRUE,,BJA-Nilerat-20220919_lipid_1061M_10wk_0408,BJA-Nilerat-20220919_lipid_1061M_10wk_0408.raw (F83),,,BJA-Nilerat-20220921_metab_1061M_10wk_0408,64,,FALSE,FALSE,FALSE,TRUE,68
1061_8_RBG,FALSE,FALSE,FALSE,FALSE,TRUE,TRUE,1061,M,10wk,,RBG,12,8,4,774.75,,TRUE,,BJA-Nilerat-20220919_lipid_1061M_8wk_0325,BJA-Nilerat-20220919_lipid_1061M_8wk_0325.raw (F81),,,BJA-Nilerat-20220921_metab_1061M_8wk_0325,71,,FALSE,FALSE,FALSE,TRUE,77
1061_9_RBG,FALSE,FALSE,FALSE,FALSE,FALSE,TRUE,1061,M,10wk,,RBG,12,9,3,774.75,,TRUE,,BJA-Nilerat-20220919_lipid_1061M_9wk_0401,BJA-Nilerat-20220919_lipid_1061M_9wk_0401.raw (F82),,,BJA-Nilerat-20220921_metab_1061M_9wk_0401,69,,FALSE,FALSE,FALSE,FALSE,74
1075_10_RBG,FALSE,FALSE,FALSE,FALSE,TRUE,TRUE,1075,M,10wk,,RBG,12,10,2,996.375,,TRUE,,BJA-Nilerat-20220919_lipid_1075M_10wk_0408,BJA-Nilerat-20220919_lipid_1075M_10wk_0408.raw (F86),,,BJA-Nilerat-20220921_metab_1075M_10wk_0408,78,,FALSE,FALSE,FALSE,TRUE,85
1075_8_RBG,FALSE,FALSE,FALSE,FALSE,TRUE,TRUE,1075,M,10wk,,RBG,12,8,4,996.375,,TRUE,,BJA-Nilerat-20220919_lipid_1075M_8wk_0325,BJA-Nilerat-20220919_lipid_1075M_8wk_0325.raw (F84),,,BJA-Nilerat-20220921_metab_1075M_8wk_0325,62,,FALSE,FALSE,FALSE,TRUE,66
1075_9_RBG,FALSE,FALSE,FALSE,FALSE,TRUE,TRUE,1075,M,10wk,,RBG,12,9,3,996.375,,TRUE,,BJA-Nilerat-20220919_lipid_1075M_9wk_0401,BJA-Nilerat-20220919_lipid_1075M_9wk_0401.raw (F85),,,BJA-Nilerat-20220921_metab_1075M_9wk_0401,68,,FALSE,FALSE,FALSE,TRUE,73
1081_10_RBG,FALSE,FALSE,FALSE,FALSE,TRUE,TRUE,1081,M,10wk,,RBG,12,10,2,999.4166667,,TRUE,,BJA-Nilerat-20220919_lipid_1081M_10wk_0408,BJA-Nilerat-20220919_lipid_1081M_10wk_0408.raw (F89),,,BJA-Nilerat-20220921_metab_1081M_10wk_0408,75,,FALSE,FALSE,FALSE,TRUE,82
1081_8_RBG,FALSE,FALSE,FALSE,FALSE,TRUE,TRUE,1081,M,10wk,,RBG,12,8,4,999.4166667,,TRUE,,BJA-Nilerat-20220919_lipid_1081M_8wk_0325,BJA-Nilerat-20220919_lipid_1081M_8wk_0325.raw (F87),,,BJA-Nilerat-20220921_metab_1081M_8wk_0325,61,,FALSE,FALSE,FALSE,TRUE,65
1081_9_RBG,FALSE,FALSE,FALSE,FALSE,FALSE,TRUE,1081,M,10wk,,RBG,12,9,3,999.4166667,,TRUE,,BJA-Nilerat-20220919_lipid_1081M_9wk_0401,BJA-Nilerat-20220919_lipid_1081M_9wk_0401.raw (F88),,,BJA-Nilerat-20220921_metab_1081M_9wk_0401,66,,FALSE,FALSE,FALSE,FALSE,71
1094_10_RBG,FALSE,FALSE,FALSE,FALSE,FALSE,TRUE,1094,M,10wk,,RBG,12,10,2,334.25,,TRUE,,BJA-Nilerat-20220919_lipid_1094M_10wk_0413,BJA-Nilerat-20220919_lipid_1094M_10wk_0413.raw (F92),,,BJA-Nilerat-20220921_metab_1094M_10wk_0413,77,,FALSE,FALSE,FALSE,FALSE,84
1094_8_RBG,FALSE,FALSE,FALSE,FALSE,TRUE,TRUE,1094,M,10wk,,RBG,12,8,4,334.25,,TRUE,,BJA-Nilerat-20220919_lipid_1094M_8wk_0330,BJA-Nilerat-20220919_lipid_1094M_8wk_0330.raw (F90),,,BJA-Nilerat-20220921_metab_1094M_8wk_0330,74,,FALSE,FALSE,FALSE,TRUE,80
1094_9_RBG,FALSE,FALSE,FALSE,FALSE,FALSE,TRUE,1094,M,10wk,,RBG,12,9,3,334.25,,TRUE,,BJA-Nilerat-20220919_lipid_1094M_9wk_0406,BJA-Nilerat-20220919_lipid_1094M_9wk_0406.raw (F91),,,BJA-Nilerat-20220921_metab_1094M_9wk_0406,70,,FALSE,FALSE,FALSE,FALSE,76
1095_10_RBG,FALSE,FALSE,FALSE,FALSE,FALSE,TRUE,1095,M,10wk,,RBG,12,10,2,700.9583333,,TRUE,,BJA-Nilerat-20220919_lipid_1095M_10wk_0413,BJA-Nilerat-20220919_lipid_1095M_10wk_0413.raw (F95),,,BJA-Nilerat-20220921_metab_1095M_10wk_0413,65,,FALSE,FALSE,FALSE,FALSE,70
1095_8_RBG,FALSE,FALSE,FALSE,FALSE,TRUE,TRUE,1095,M,10wk,,RBG,12,8,4,700.9583333,,TRUE,,BJA-Nilerat-20220919_lipid_1095M_8wk_0330,BJA-Nilerat-20220919_lipid_1095M_8wk_0330.raw (F93),,,BJA-Nilerat-20220921_metab_1095M_8wk_0330,76,,FALSE,FALSE,FALSE,TRUE,83
1095_9_RBG,FALSE,FALSE,FALSE,FALSE,TRUE,TRUE,1095,M,10wk,,RBG,12,9,3,700.9583333,,TRUE,,BJA-Nilerat-20220919_lipid_1095M_9wk_0406,BJA-Nilerat-20220919_lipid_1095M_9wk_0406.raw (F94),,,BJA-Nilerat-20220921_metab_1095M_9wk_0406,63,,FALSE,FALSE,FALSE,TRUE,67
1096_10_RBG,FALSE,FALSE,FALSE,FALSE,FALSE,TRUE,1096,M,10wk,,RBG,12,10,2,691.75,,TRUE,,BJA-Nilerat-20220919_lipid_1096M_10wk_0413,BJA-Nilerat-20220919_lipid_1096M_10wk_0413.raw (F98),,,BJA-Nilerat-20220921_metab_1096M_10wk_0413,72,,FALSE,FALSE,FALSE,FALSE,78
1096_8_RBG,FALSE,FALSE,FALSE,FALSE,TRUE,TRUE,1096,M,10wk,,RBG,12,8,4,691.75,,TRUE,,BJA-Nilerat-20220919_lipid_1096M_8wk_0330,BJA-Nilerat-20220919_lipid_1096M_8wk_0330.raw (F96),,,BJA-Nilerat-20220921_metab_1096M_8wk_0330,67,,FALSE,FALSE,FALSE,TRUE,72
1096_9_RBG,FALSE,FALSE,FALSE,FALSE,FALSE,TRUE,1096,M,10wk,,RBG,12,9,3,691.75,,TRUE,,BJA-Nilerat-20220919_lipid_1096M_9wk_0406,BJA-Nilerat-20220919_lipid_1096M_9wk_0406.raw (F97),,,BJA-Nilerat-20220921_metab_1096M_9wk_0406,73,,FALSE,FALSE,FALSE,FALSE,79
1727_27_RBG,FALSE,FALSE,TRUE,FALSE,TRUE,TRUE,1727,M,30wk,,RBG,31,27,4,636.7083333,,TRUE,,BJA-Nilerat-20220915_lipid_1727M_27wk_0606,BJA-Nilerat-20220915_lipid_1727M_27wk_0606.raw (F21),,,BJA-Nilerat-20220919_metab_1727M_27wk_0606,45,,FALSE,FALSE,FALSE,TRUE,44
1727_28_RBG,FALSE,FALSE,TRUE,FALSE,TRUE,TRUE,1727,M,30wk,,RBG,31,28,3,636.7083333,,TRUE,,BJA-Nilerat-20220915_lipid_1727M_28wk_0613,BJA-Nilerat-20220915_lipid_1727M_28wk_0613.raw (F22),,,BJA-Nilerat-20220919_metab_1727M_28wk_0613,43,,FALSE,FALSE,FALSE,TRUE,42
1727_29_RBG,FALSE,FALSE,TRUE,FALSE,TRUE,TRUE,1727,M,30wk,,RBG,31,29,2,636.7083333,,TRUE,,BJA-Nilerat-20220915_lipid_1727M_29wk_0621,BJA-Nilerat-20220915_lipid_1727M_29wk_0621.raw (F23),,,BJA-Nilerat-20220919_metab_1727M_29wk_0621,5,,FALSE,FALSE,FALSE,TRUE,6
1728_27_RBG,FALSE,FALSE,TRUE,FALSE,TRUE,TRUE,1728,M,30wk,,RBG,31,27,4,729.4583333,,TRUE,,BJA-Nilerat-20220915_lipid_1728M_27wk_0606,BJA-Nilerat-20220915_lipid_1728M_27wk_0606.raw (F24),,,BJA-Nilerat-20220919_metab_1728M_27wk_0606,4,,FALSE,FALSE,FALSE,TRUE,5
1728_28_RBG,FALSE,FALSE,TRUE,FALSE,TRUE,TRUE,1728,M,30wk,,RBG,31,28,3,729.4583333,,TRUE,,BJA-Nilerat-20220915_lipid_1728M_28wk_0613,BJA-Nilerat-20220915_lipid_1728M_28wk_0613.raw (F25),,,BJA-Nilerat-20220919_metab_1728M_28wk_0613,24,,FALSE,FALSE,FALSE,TRUE,25
1728_30_RBG,FALSE,FALSE,TRUE,FALSE,TRUE,TRUE,1728,M,30wk,,RBG,31,30,2,729.4583333,,TRUE,,BJA-Nilerat-20220915_lipid_1728M_30wk_0621,BJA-Nilerat-20220915_lipid_1728M_30wk_0621.raw (F26),,,BJA-Nilerat-20220919_metab_1728M_30wk_0621,48,,FALSE,FALSE,FALSE,TRUE,47
1731_30_RBG,FALSE,FALSE,TRUE,FALSE,TRUE,TRUE,1731,F,30wk,,RBG,34,30,4,686.975,,TRUE,,BJA-Nilerat-20220915_lipid_1731F_30wk_0628,BJA-Nilerat-20220915_lipid_1731F_30wk_0628.raw (F27),,,BJA-Nilerat-20220919_metab_1731F_30wk_0628,38,,FALSE,FALSE,FALSE,TRUE,37
1731_31_RBG,FALSE,FALSE,TRUE,FALSE,TRUE,TRUE,1731,F,30wk,,RBG,34,31,3,686.975,,TRUE,,BJA-Nilerat-20220915_lipid_1731F_31wk_0705,BJA-Nilerat-20220915_lipid_1731F_31wk_0705.raw (F28),,,BJA-Nilerat-20220919_metab_1731F_31wk_0705,41,,FALSE,FALSE,FALSE,TRUE,39
1731_32_RBG,FALSE,FALSE,TRUE,FALSE,TRUE,TRUE,1731,F,30wk,,RBG,34,32,2,686.975,,TRUE,,BJA-Nilerat-20220915_lipid_1731F_32wk_0712,BJA-Nilerat-20220915_lipid_1731F_32wk_0712.raw (F29),,,BJA-Nilerat-20220919_metab_1731F_32wk_0712,51,,FALSE,FALSE,FALSE,TRUE,50
1732_27_RBG,FALSE,FALSE,TRUE,FALSE,TRUE,TRUE,1732,M,30wk,,RBG,32,27,4,631,,TRUE,,BJA-Nilerat-20220915_lipid_1732M_27wk_0606,BJA-Nilerat-20220915_lipid_1732M_27wk_0606.raw (F30),,,BJA-Nilerat-20220919_metab_1732M_27wk_0606,50,,FALSE,FALSE,FALSE,TRUE,49
1732_28_RBG,FALSE,FALSE,TRUE,FALSE,TRUE,TRUE,1732,M,30wk,,RBG,32,28,3,631,,TRUE,,BJA-Nilerat-20220915_lipid_1732M_28wk_0613,BJA-Nilerat-20220915_lipid_1732M_28wk_0613.raw (F31),,,BJA-Nilerat-20220919_metab_1732M_28wk_0613,29,,FALSE,FALSE,FALSE,TRUE,27
1732_29_RBG,FALSE,FALSE,TRUE,FALSE,TRUE,TRUE,1732,M,30wk,,RBG,32,29,2,631,,TRUE,,BJA-Nilerat-20220915_lipid_1732M_29wk_0621,BJA-Nilerat-20220915_lipid_1732M_29wk_0621.raw (F32),,,BJA-Nilerat-20220919_metab_1732M_29wk_0621,49,,FALSE,FALSE,FALSE,TRUE,48
1735_29_RBG,FALSE,FALSE,TRUE,FALSE,TRUE,TRUE,1735,M,30wk,,RBG,33,29,4,601.5,,TRUE,,BJA-Nilerat-20220915_lipid_1735M_29wk_0622,BJA-Nilerat-20220915_lipid_1735M_29wk_0622.raw (F33),,,BJA-Nilerat-20220919_metab_1735M_29wk_0622,52,,FALSE,FALSE,FALSE,TRUE,51
1735_30_RBG,FALSE,FALSE,TRUE,FALSE,TRUE,TRUE,1735,M,30wk,,RBG,33,30,3,601.5,,TRUE,,BJA-Nilerat-20220915_lipid_1735M_30wk_0630,BJA-Nilerat-20220915_lipid_1735M_30wk_0630.raw (F34),,,BJA-Nilerat-20220919_metab_1735M_30wk_0630,39,,FALSE,FALSE,FALSE,TRUE,38
1735_31_RBG,FALSE,FALSE,TRUE,FALSE,TRUE,TRUE,1735,M,30wk,,RBG,33,31,2,601.5,,TRUE,,BJA-Nilerat-20220915_lipid_1735M_31wk_0707,BJA-Nilerat-20220915_lipid_1735M_31wk_0707.raw (F35),,,BJA-Nilerat-20220919_metab_1735M_31wk_0707,25,,FALSE,FALSE,FALSE,TRUE,26
1741_26_RBG,FALSE,FALSE,TRUE,FALSE,TRUE,TRUE,1741,M,30wk,,RBG,32,26,4,734.0833333,,TRUE,,BJA-Nilerat-20220915_lipid_1741M_26wk_0602,BJA-Nilerat-20220915_lipid_1741M_26wk_0602.raw (F36),,,BJA-Nilerat-20220919_metab_1741M_26wk_0602,47,,FALSE,FALSE,FALSE,TRUE,45
1741_27_RBG,FALSE,FALSE,TRUE,FALSE,TRUE,TRUE,1741,M,30wk,,RBG,32,27,3,734.0833333,,TRUE,,BJA-Nilerat-20220915_lipid_1741M_27wk_0609,BJA-Nilerat-20220915_lipid_1741M_27wk_0609.raw (F37),,,BJA-Nilerat-20220919_metab_1741M_27wk_0609,44,,FALSE,FALSE,FALSE,TRUE,43
1741_28_RBG,FALSE,FALSE,TRUE,FALSE,TRUE,TRUE,1741,M,30wk,,RBG,32,28,2,734.0833333,,TRUE,,BJA-Nilerat-20220915_lipid_1741M_28wk_0615,BJA-Nilerat-20220915_lipid_1741M_28wk_0615.raw (F38),,,BJA-Nilerat-20220919_metab_1741M_28wk_0615,9,,FALSE,FALSE,FALSE,TRUE,9
1742_32_RBG,FALSE,FALSE,TRUE,FALSE,TRUE,TRUE,1742,F,30wk,,RBG,36,32,4,429.0416667,,TRUE,,BJA-Nilerat-20220915_lipid_1742F_32wk_0714,BJA-Nilerat-20220915_lipid_1742F_32wk_0714.raw (F39),,,BJA-Nilerat-20220919_metab_1742F_32wk_0714,36,,FALSE,FALSE,FALSE,TRUE,35
1742_33_RBG,FALSE,FALSE,TRUE,FALSE,TRUE,TRUE,1742,F,30wk,,RBG,36,33,3,429.0416667,,TRUE,,BJA-Nilerat-20220915_lipid_1742F_33wk_0721,BJA-Nilerat-20220915_lipid_1742F_33wk_0721.raw (F40),,,BJA-Nilerat-20220919_metab_1742F_33wk_0721,11,,FALSE,FALSE,FALSE,TRUE,12
1742_34_RBG,FALSE,FALSE,TRUE,FALSE,TRUE,TRUE,1742,F,30wk,,RBG,36,34,2,429.0416667,,TRUE,,BJA-Nilerat-20220915_lipid_1742F_34wk_0728,BJA-Nilerat-20220915_lipid_1742F_34wk_0728.raw (F41),,,BJA-Nilerat-20220919_metab_1742F_34wk_0728,35,,FALSE,FALSE,FALSE,TRUE,33
1743_31_RBG,FALSE,FALSE,TRUE,FALSE,TRUE,TRUE,1743,F,30wk,,RBG,35,31,4,595.9583333,,TRUE,,BJA-Nilerat-20220915_lipid_1743F_31wk_0707,BJA-Nilerat-20220915_lipid_1743F_31wk_0707.raw (F42),,,BJA-Nilerat-20220919_metab_1743F_31wk_0707,16,,FALSE,FALSE,FALSE,TRUE,17
1743_32_RBG,FALSE,FALSE,TRUE,FALSE,TRUE,TRUE,1743,F,30wk,,RBG,35,32,3,595.9583333,,TRUE,,BJA-Nilerat-20220915_lipid_1743F_32wk_0714,BJA-Nilerat-20220915_lipid_1743F_32wk_0714.raw (F43),,,BJA-Nilerat-20220919_metab_1743F_32wk_0714,15,,FALSE,FALSE,FALSE,TRUE,15
1743_33_RBG,FALSE,FALSE,TRUE,FALSE,TRUE,TRUE,1743,F,30wk,,RBG,35,33,2,595.9583333,,TRUE,,BJA-Nilerat-20220915_lipid_1743F_33wk_0721,BJA-Nilerat-20220915_lipid_1743F_33wk_0721.raw (F44),,,BJA-Nilerat-20220919_metab_1743F_33wk_0721,6,,FALSE,FALSE,FALSE,TRUE,7
1746_30_RBG,FALSE,FALSE,TRUE,FALSE,TRUE,TRUE,1746,F,30wk,,RBG,34,30,4,496.4166667,,TRUE,,BJA-Nilerat-20220915_lipid_1746F_30wk_0630,BJA-Nilerat-20220915_lipid_1746F_30wk_0630.raw (F45),,,BJA-Nilerat-20220919_metab_1746F_30wk_0630,31,,FALSE,FALSE,FALSE,TRUE,30
1746_31_RBG,FALSE,FALSE,TRUE,FALSE,TRUE,TRUE,1746,F,30wk,,RBG,34,31,3,496.4166667,,TRUE,,BJA-Nilerat-20220915_lipid_1746F_31wk_0707,BJA-Nilerat-20220915_lipid_1746F_31wk_0707.raw (F46),,,BJA-Nilerat-20220919_metab_1746F_31wk_0707,37,,FALSE,FALSE,FALSE,TRUE,36
1746_32_RBG,FALSE,FALSE,TRUE,FALSE,TRUE,TRUE,1746,F,30wk,,RBG,34,32,2,496.4166667,,TRUE,,BJA-Nilerat-20220915_lipid_1746F_32wk_0714,BJA-Nilerat-20220915_lipid_1746F_32wk_0714.raw (F47),,,BJA-Nilerat-20220919_metab_1746F_32wk_0714,32,,FALSE,FALSE,FALSE,TRUE,31
1748_29_RBG,FALSE,FALSE,TRUE,FALSE,TRUE,TRUE,1748,F,30wk,,RBG,33,29,4,627.5,,TRUE,,BJA-Nilerat-20220915_lipid_1748F_29wk_0623,BJA-Nilerat-20220915_lipid_1748F_29wk_0623.raw (F48),,,BJA-Nilerat-20220919_metab_1748F_29wk_0623,18,,FALSE,FALSE,FALSE,TRUE,19
1748_30_RBG,FALSE,FALSE,TRUE,FALSE,TRUE,TRUE,1748,F,30wk,,RBG,33,30,3,627.5,,TRUE,,BJA-Nilerat-20220915_lipid_1748F_30wk_0630,BJA-Nilerat-20220915_lipid_1748F_30wk_0630.raw (F49),,,BJA-Nilerat-20220919_metab_1748F_30wk_0630,10,,FALSE,FALSE,FALSE,TRUE,11
1748_31_RBG,FALSE,FALSE,TRUE,FALSE,TRUE,TRUE,1748,F,30wk,,RBG,33,31,2,627.5,,TRUE,,BJA-Nilerat-20220915_lipid_1748F_31wk_0707,BJA-Nilerat-20220915_lipid_1748F_31wk_0707.raw (F50),,,BJA-Nilerat-20220919_metab_1748F_31wk_0707,21,,FALSE,FALSE,FALSE,TRUE,21
1754_30_RBG,FALSE,FALSE,TRUE,FALSE,TRUE,TRUE,1754,F,30wk,,RBG,35,30,4,524.3333333,,TRUE,,BJA-Nilerat-20220915_lipid_1754F_30wk_0707,BJA-Nilerat-20220915_lipid_1754F_30wk_0707.raw (F51),,,BJA-Nilerat-20220919_metab_1754F_30wk_0707,13,,FALSE,FALSE,FALSE,TRUE,14
1754_31_RBG,FALSE,FALSE,TRUE,FALSE,TRUE,TRUE,1754,F,30wk,,RBG,35,31,3,524.3333333,,TRUE,,BJA-Nilerat-20220915_lipid_1754F_31wk_0714,BJA-Nilerat-20220915_lipid_1754F_31wk_0714.raw (F52),,,BJA-Nilerat-20220919_metab_1754F_31wk_0714,22,,FALSE,FALSE,FALSE,TRUE,23
1754_32_RBG,FALSE,FALSE,TRUE,FALSE,TRUE,TRUE,1754,F,30wk,,RBG,35,32,2,524.3333333,,TRUE,,BJA-Nilerat-20220915_lipid_1754F_32wk_0721,BJA-Nilerat-20220915_lipid_1754F_32wk_0721.raw (F53),,,BJA-Nilerat-20220919_metab_1754F_32wk_0721,17,,FALSE,FALSE,FALSE,TRUE,18
1788_34_RBG,FALSE,TRUE,FALSE,FALSE,TRUE,TRUE,1788,F,30wk,,RBG,,34,,,,FALSE,,BJA-Nilerat-20220915_lipid_1788F_34wk_0826,BJA-Nilerat-20220915_lipid_1788F_34wk_0826.raw (F54),,,BJA-Nilerat-20220919_metab_1788F_34wk_0826,19,,FALSE,FALSE,FALSE,TRUE,20
1789_34_RBG,FALSE,TRUE,FALSE,FALSE,TRUE,TRUE,1789,F,30wk,,RBG,,34,,,,FALSE,,BJA-Nilerat-20220915_lipid_1789F_34wk_0826,BJA-Nilerat-20220915_lipid_1789F_34wk_0826.raw (F55),,,BJA-Nilerat-20220919_metab_1789F_34wk_0826,12,,FALSE,FALSE,FALSE,TRUE,13
1798_32_RBG,FALSE,TRUE,FALSE,FALSE,TRUE,TRUE,1798,M,30wk,,RBG,,32,,,,FALSE,,BJA-Nilerat-20220915_lipid_1798M_32wk_0826,BJA-Nilerat-20220915_lipid_1798M_32wk_0826.raw (F56),,,BJA-Nilerat-20220919_metab_1798M_32wk_0826,33,,FALSE,FALSE,FALSE,TRUE,32
1809_31_RBG,FALSE,TRUE,FALSE,FALSE,TRUE,TRUE,1809,M,30wk,,RBG,,31,,,,FALSE,,BJA-Nilerat-20220915_lipid_1809M_31wk_0826,BJA-Nilerat-20220915_lipid_1809M_31wk_0826.raw (F57),,,BJA-Nilerat-20220919_metab_1809M_31wk_0826,30,,FALSE,FALSE,FALSE,TRUE,29
1810_31_RBG,FALSE,TRUE,FALSE,FALSE,TRUE,TRUE,1810,F,30wk,,RBG,,31,,,,FALSE,,BJA-Nilerat-20220915_lipid_1810F_31wk_0826,BJA-Nilerat-20220915_lipid_1810F_31wk_0826.raw (F58),,,BJA-Nilerat-20220919_metab_1810F_31wk_0826,53,,FALSE,FALSE,FALSE,TRUE,52
1811_31_RBG,FALSE,TRUE,FALSE,FALSE,TRUE,TRUE,1811,F,30wk,,RBG,,31,,,,FALSE,,BJA-Nilerat-20220915_lipid_1811F_31wk_0826,BJA-Nilerat-20220915_lipid_1811F_31wk_0826.raw (F59),,,BJA-Nilerat-20220919_metab_1811F_31wk_0826,7,,FALSE,FALSE,FALSE,TRUE,8
1812_31_RBG,FALSE,TRUE,FALSE,FALSE,TRUE,TRUE,1812,F,30wk,,RBG,,31,,,,FALSE,,BJA-Nilerat-20220915_lipid_1812F_31wk_0826,BJA-Nilerat-20220915_lipid_1812F_31wk_0826.raw (F60),,,BJA-Nilerat-20220919_metab_1812F_31wk_0826,42,,FALSE,FALSE,FALSE,TRUE,41
1857_26_RBG,FALSE,TRUE,FALSE,FALSE,TRUE,TRUE,1857,M,30wk,,RBG,,26,,,,FALSE,,BJA-Nilerat-20220915_lipid_1857M_26wk_0826,BJA-Nilerat-20220915_lipid_1857M_26wk_0826.raw (F61),,,BJA-Nilerat-20220919_metab_1857M_26wk_0826,23,,FALSE,FALSE,FALSE,TRUE,24
1700s_extract_blank_rep1,FALSE,FALSE,FALSE,TRUE,,TRUE,ext_blank,,30wk,,,,,,,,FALSE,,BJA-Nilerat-20220915_lipid_1700s_extract_blank_rep1,BJA-Nilerat-20220915_lipid_1700s_extract_blank_rep1.raw (F1),,,BJA-Nilerat-20220919_metab_1700s_extract_blank_rep1,54,,FALSE,FALSE,TRUE,FALSE,2
1700s_extract_blank_rep2,FALSE,FALSE,FALSE,TRUE,,TRUE,ext_blank,,30wk,,,,,,,,FALSE,,BJA-Nilerat-20220915_lipid_1700s_extract_blank_rep2,BJA-Nilerat-20220915_lipid_1700s_extract_blank_rep2.raw (F2),,,BJA-Nilerat-20220919_metab_1700s_extract_blank_rep1-dupe,2,,FALSE,FALSE,TRUE,FALSE,53
1700s_extract_blank_rep3,FALSE,FALSE,FALSE,TRUE,,TRUE,ext_blank,,30wk,,,,,,,,FALSE,,BJA-Nilerat-20220915_lipid_1700s_extract_blank_rep3,BJA-Nilerat-20220915_lipid_1700s_extract_blank_rep3.raw (F3),,,BJA-Nilerat-20220919_metab_1700s_extract_blank_rep2,60,,FALSE,FALSE,TRUE,FALSE,59
1700s_QCdil_025,FALSE,FALSE,FALSE,TRUE,,TRUE,dil,,30wk,,,,,,,,FALSE,,BJA-Nilerat-20220915_lipid_1700s_QC25uL_dil,BJA-Nilerat-20220915_lipid_1700s_QC25uL_dil.raw (F4),,,BJA-Nilerat-20220919_metab_1700s_QC25uL_dil,55,,FALSE,TRUE,FALSE,FALSE,54
1700s_QCdil_050,FALSE,FALSE,FALSE,TRUE,,TRUE,dil,,30wk,,,,,,,,FALSE,,BJA-Nilerat-20220915_lipid_1700s_QC50uL_dil,BJA-Nilerat-20220915_lipid_1700s_QC50uL_dil.raw (F5),,,BJA-Nilerat-20220919_metab_1700s_QC50uL_dil,56,,FALSE,TRUE,FALSE,FALSE,55
1700s_QCdil_100,FALSE,FALSE,FALSE,TRUE,,TRUE,dil,,30wk,,,,,,,,FALSE,,BJA-Nilerat-20220915_lipid_1700s_QC100uL_dil,BJA-Nilerat-20220915_lipid_1700s_QC100uL_dil.raw (F6),,,BJA-Nilerat-20220919_metab_1700s_QC100uL_dil,57,,FALSE,TRUE,FALSE,FALSE,56
1700s_QC1,FALSE,FALSE,FALSE,TRUE,,TRUE,qc,,30wk,,,,,,,,FALSE,,BJA-Nilerat-20220915_lipid_1700s_QC100uL_rep1,BJA-Nilerat-20220915_lipid_1700s_QC100uL_rep1.raw (F7),,,BJA-Nilerat-20220919_metab_1700s_QC100uL_rep1,8,,TRUE,FALSE,FALSE,FALSE,4
1700s_QC2,FALSE,FALSE,FALSE,TRUE,,TRUE,qc,,30wk,,,,,,,,FALSE,,BJA-Nilerat-20220915_lipid_1700s_QC100uL_rep2,BJA-Nilerat-20220915_lipid_1700s_QC100uL_rep2.raw (F8),,,BJA-Nilerat-20220919_metab_1700s_QC100uL_rep2,14,,TRUE,FALSE,FALSE,FALSE,10
1700s_QC3,FALSE,FALSE,FALSE,TRUE,,TRUE,qc,,30wk,,,,,,,,FALSE,,BJA-Nilerat-20220915_lipid_1700s_QC100uL_rep3,BJA-Nilerat-20220915_lipid_1700s_QC100uL_rep3.raw (F9),,,BJA-Nilerat-20220919_metab_1700s_QC100uL_rep3,20,,TRUE,FALSE,FALSE,FALSE,16
1700s_QC4,FALSE,FALSE,FALSE,TRUE,,TRUE,qc,,30wk,,,,,,,,FALSE,,BJA-Nilerat-20220915_lipid_1700s_QC100uL_rep4,BJA-Nilerat-20220915_lipid_1700s_QC100uL_rep4.raw (F10),,,BJA-Nilerat-20220919_metab_1700s_QC100uL_rep4,26,,TRUE,FALSE,FALSE,FALSE,22
1700s_QC5,FALSE,FALSE,FALSE,TRUE,,TRUE,qc,,30wk,,,,,,,,FALSE,,BJA-Nilerat-20220915_lipid_1700s_QC100uL_rep5,BJA-Nilerat-20220915_lipid_1700s_QC100uL_rep5.raw (F11),,,BJA-Nilerat-20220919_metab_1700s_QC100uL_rep5,28,,TRUE,FALSE,FALSE,FALSE,28
1700s_QC6,FALSE,FALSE,FALSE,TRUE,,TRUE,qc,,30wk,,,,,,,,FALSE,,BJA-Nilerat-20220915_lipid_1700s_QC100uL_rep6,BJA-Nilerat-20220915_lipid_1700s_QC100uL_rep6.raw (F12),,,BJA-Nilerat-20220919_metab_1700s_QC100uL_rep6,34,,TRUE,FALSE,FALSE,FALSE,34
1700s_QC7,FALSE,FALSE,FALSE,TRUE,,TRUE,qc,,30wk,,,,,,,,FALSE,,BJA-Nilerat-20220915_lipid_1700s_QC100uL_rep7,BJA-Nilerat-20220915_lipid_1700s_QC100uL_rep7.raw (F13),,,BJA-Nilerat-20220919_metab_1700s_QC100uL_rep7,40,,TRUE,FALSE,FALSE,FALSE,40
1700s_QC8,FALSE,FALSE,FALSE,TRUE,,TRUE,qc,,30wk,,,,,,,,FALSE,,BJA-Nilerat-20220915_lipid_1700s_QC100uL_rep8,BJA-Nilerat-20220915_lipid_1700s_QC100uL_rep8.raw (F14),,,BJA-Nilerat-20220919_metab_1700s_QC100uL_rep8,46,,TRUE,FALSE,FALSE,FALSE,46
1700s_QCdil_150,FALSE,FALSE,FALSE,TRUE,,TRUE,dil,,30wk,,,,,,,,FALSE,,BJA-Nilerat-20220915_lipid_1700s_QC150uL_dil,BJA-Nilerat-20220915_lipid_1700s_QC150uL_dil.raw (F15),,,BJA-Nilerat-20220919_metab_1700s_QC150uL_dil,58,,FALSE,TRUE,FALSE,FALSE,57
1700s_QCdil_200,FALSE,FALSE,FALSE,TRUE,,TRUE,dil,,30wk,,,,,,,,FALSE,,BJA-Nilerat-20220915_lipid_1700s_QC200uL_dil,BJA-Nilerat-20220915_lipid_1700s_QC200uL_dil.raw (F16),,,BJA-Nilerat-20220919_metab_1700s_QC200uL_dil,59,,FALSE,TRUE,FALSE,FALSE,58
1700s_resuspension_blank_rep1,FALSE,FALSE,FALSE,TRUE,,TRUE,resus_blank,,30wk,,,,,,,,FALSE,,BJA-Nilerat-20220915_lipid_1700s_resuspension_blank_rep1,BJA-Nilerat-20220915_lipid_1700s_resuspension_blank_rep1.raw (F17),,,BJA-Nilerat-20220919_metab_1700s_resuspension_blank_rep1-dupe,1,,FALSE,FALSE,TRUE,FALSE,3
1700s_water_blank_rep1,FALSE,FALSE,FALSE,TRUE,,TRUE,water,,30wk,,,,,,,,FALSE,,BJA-Nilerat-20220915_lipid_1700s_water_blank_rep1,BJA-Nilerat-20220915_lipid_1700s_water_blank_rep1.raw (F19),,,BJA-Nilerat-20220919_metab_1700s_water_blank_rep1,3,,FALSE,FALSE,TRUE,FALSE,1
1700s_water_blank_rep2,FALSE,FALSE,FALSE,TRUE,,TRUE,water,,30wk,,,,,,,,FALSE,,BJA-Nilerat-20220915_lipid_1700s_water_blank_rep2,BJA-Nilerat-20220915_lipid_1700s_water_blank_rep2.raw (F20),,,BJA-Nilerat-20220919_metab_1700s_water_blank_rep4,27,,FALSE,FALSE,TRUE,FALSE,61
