No.,Compound,manual match,auto match,HMDB/ChEBI ID,N,SRR (95% CI),P,P-FDR,I2,tau2,class,pval_signif,qval_signif,is_lipid,auto_orig_i,auto_vali_i,,auto_vi
12,3-(4-hydroxyphenyl)lactate,,,HMDB00755,2,1.35 (1.01; 1.81),0.046,0.119,67,0.03,AAA metabolism,TRUE,FALSE,FALSE,,,,[]
17,Hydrocinnamate,m_61,,HMDB00764,3,0.86 (0.80; 0.93),0.001,0.001,0,0,AAA metabolism,TRUE,TRUE,FALSE,,,,[]
18,Phenylalanine,m_26,,HMDB00159,18,1.30 (1.16; 1.45),0.001,0.001,87,0.044,AAA metabolism,TRUE,TRUE,FALSE,,,,[]
19,Tyrosine,m_5,,HMDB00158,18,1.35 (1.22; 1.49),0.001,0.001,81,0.031,AAA metabolism,TRUE,TRUE,FALSE,,,,[]
133,Acylcarnitine C10:1,,,CHEBI:86063,2,0.88 (0.78; 0.98),0.021,0.066,0,0,Acylcarnitine metabolism,TRUE,FALSE,TRUE,,,,[]
141,Acylcarnitine C14:1,l_9,,CHEBI:86066,9,0.94 (0.89; 0.99),0.02,0.065,0,0,Acylcarnitine metabolism,TRUE,FALSE,TRUE,,,,[]
117,Acylcarnitine C4DC,,,HMDB62785,4,1.10 (1.02; 1.18),0.013,0.046,0,0,Acylcarnitine metabolism,TRUE,TRUE,TRUE,,,,[]
118,Acylcarnitine C4OH,,,HMDB0013127,6,1.09 (1.02; 1.16),0.011,0.037,0,0,Acylcarnitine metabolism,TRUE,TRUE,TRUE,,,,[]
119,Acylcarnitine C5,l_0,,HMDB13128,14,1.13 (1.08; 1.18),0.001,0.001,18,0.001,Acylcarnitine metabolism,TRUE,TRUE,TRUE,,,,[]
121,Acylcarnitine C5OH,,,CHEBI:86467,6,1.14 (1.03; 1.26),0.011,0.037,58,0.008,Acylcarnitine metabolism,TRUE,TRUE,TRUE,,,,[]
124,Acylcarnitine C6DC,,,,5,0.85 (0.73; 1.00),0.048,0.123,69,0.02,Acylcarnitine metabolism,TRUE,FALSE,TRUE,,,,[]
130,Acylcarnitine C8:1,,,CHEBI:86052,5,1.16 (1.07; 1.25),0.001,0.002,39,0.003,Acylcarnitine metabolism,TRUE,TRUE,TRUE,,,,[]
110,Deoxycarnitine,,,HMDB01161,3,0.66 (0.46; 0.94),0.022,0.067,90,0.088,Acylcarnitine metabolism,TRUE,FALSE,FALSE,,,,[]
111,Trimethyllysine,m_34,,HMDB01325,4,1.25 (1.15; 1.35),0.001,0.001,0,0,Acylcarnitine metabolism,TRUE,TRUE,FALSE,,,,[]
20,Alanine,m_111,,HMDB00161,21,1.32 (1.20; 1.44),0.001,0.001,79,0.03,"Alanine, aspartate, and glutamate metabolism",TRUE,TRUE,FALSE,,,,[]
23,Glutamate,m_77,,HMDB00148,13,1.38 (1.20; 1.60),0.001,0.001,91,0.058,"Alanine, aspartate, and glutamate metabolism",TRUE,TRUE,FALSE,,,,[]
24,Glutamine,m_76,,HMDB00641,19,0.84 (0.75; 0.94),0.002,0.011,89,0.051,"Alanine, aspartate, and glutamate metabolism",TRUE,TRUE,FALSE,,,,[]
1,2-hydroxy-3-methylbutyrate,,,HMDB00407,3,1.18 (1.04; 1.34),0.008,0.029,0,0,BCAA metabolism,TRUE,TRUE,FALSE,,,,[]
2,2-hydroxyisocaproate,,,HMDB00746,3,1.22 (1.06; 1.39),0.004,0.017,0,0,BCAA metabolism,TRUE,TRUE,FALSE,,,,[]
3,3-hydroxy-2-ethylpropionate,,,HMDB00396,2,1.36 (1.20; 1.55),0.001,0.001,0,0,BCAA metabolism,TRUE,TRUE,FALSE,,,,[]
4,3-hydroxyisobutyrate,m_136,,HMDB00023,5,1.36 (1.18; 1.56),0.001,0.001,69,0.016,BCAA metabolism,TRUE,TRUE,FALSE,,,,[]
5,3-hydroxyisovalerate,,,HMDB00754,2,1.19 (1.04; 1.37),0.011,0.037,0,0,BCAA metabolism,TRUE,TRUE,FALSE,,,,[]
6,3-methyl-2-oxobutyrate,,,HMDB00019,6,1.49 (1.05; 2.11),0.024,0.072,93,0.167,BCAA metabolism,TRUE,FALSE,FALSE,,,,[]
7,3-methyl-2-oxovalerate,,,HMDB00491,6,1.53 (1.06; 2.20),0.022,0.067,94,0.186,BCAA metabolism,TRUE,FALSE,FALSE,,,,[]
9,Isoleucine,m_58,,HMDB00172,19,1.54 (1.36; 1.74),0.001,0.001,88,0.058,BCAA metabolism,TRUE,TRUE,FALSE,,,,[]
10,Leucine,m_54,,HMDB00687,23,1.40 (1.29; 1.52),0.001,0.001,74,0.027,BCAA metabolism,TRUE,TRUE,FALSE,,,,[]
11,Valine,,,HMDB00883,19,1.40 (1.25; 1.57),0.001,0.001,86,0.047,BCAA metabolism,TRUE,TRUE,FALSE,,,,[]
360,Cer d18:0/20:0,,,HMDB11764,2,1.24 (1.04; 1.48),0.017,0.057,84,0.014,Ceramides,TRUE,FALSE,TRUE,,,,[]
362,Cer d18:0/24:0,,,HMDB11768,2,1.29 (1.01; 1.64),0.041,0.109,90,0.028,Ceramides,TRUE,FALSE,TRUE,,,,[]
364,Cer d18:1/16:0,,,HMDB04949,4,1.16 (1.01; 1.35),0.039,0.104,89,0.019,Ceramides,TRUE,FALSE,TRUE,,,,[]
365,Cer d18:1/18:0,,,HMDB04950,3,1.36 (1.06; 1.74),0.017,0.055,95,0.046,Ceramides,TRUE,FALSE,TRUE,,,,[]
366,Cer d18:1/18:1,,,HMDB04948,2,1.15 (1.07; 1.23),0.001,0.001,0,0,Ceramides,TRUE,TRUE,TRUE,,,,[]
367,Cer d18:1/20:0,,,HMDB04951,2,1.27 (1.02; 1.58),0.036,0.098,89,0.023,Ceramides,TRUE,FALSE,TRUE,,,,[]
368,Cer d18:1/20:1,,,HMDB04951,2,1.18 (1.10; 1.26),0.001,0.001,0,0,Ceramides,TRUE,TRUE,TRUE,,,,[]
369,Cer d18:1/22:0,l_562,,HMDB04952,3,1.22 (1.00; 1.47),0.047,0.119,90,0.026,Ceramides,TRUE,FALSE,TRUE,,,,[]
370,Cer d18:1/22:1,,,HMDB04951,2,1.17 (1.08; 1.27),0.001,0.001,0,0,Ceramides,TRUE,TRUE,TRUE,,,,[]
371,Cer d18:1/24:0,l_598,,HMDB04956,4,1.11 (1.04; 1.20),0.003,0.014,15,0.001,Ceramides,TRUE,TRUE,TRUE,,,,[]
372,Cer d18:1/24:1,l_555,,HMDB04953,4,1.15 (1.05; 1.26),0.003,0.013,51,0.004,Ceramides,TRUE,TRUE,TRUE,,,,[]
373,Cer d18:1/26:0,,,HMDB04955,2,1.09 (1.01; 1.17),0.036,0.098,0,0,Ceramides,TRUE,FALSE,TRUE,,,,[]
377,HexCer d18:1/16:0,,,CHEBI:77462,2,1.21 (1.01; 1.44),0.035,0.096,85,0.014,Ceramides,TRUE,FALSE,TRUE,,,,[]
378,HexCer d18:1/18:0,,,,3,1.11 (1.05; 1.18),0.001,0.004,0,0,Ceramides,TRUE,TRUE,TRUE,,,,[]
380,HexCer d18:1/22:0,,,,3,1.10 (1.03; 1.17),0.004,0.017,0,0,Ceramides,TRUE,TRUE,TRUE,,,,[]
381,HexCer d18:1/24:0,,,,3,1.11 (1.03; 1.19),0.004,0.015,0,0,Ceramides,TRUE,TRUE,TRUE,,,,[]
83,Betaine,m_97,,HMDB00043,10,0.82 (0.76; 0.89),0.001,0.001,49,0.007,Choline metabolism,TRUE,TRUE,FALSE,,,,[]
210,DG 30:0,,,CHEBI:85683,3,1.17 (1.10; 1.25),0.001,0.001,0,0,Diacylglycerols,TRUE,TRUE,TRUE,,,,[]
211,DG 32:0,,,CHEBI:85688,2,1.36 (1.06; 1.74),0.015,0.049,88,0.028,Diacylglycerols,TRUE,TRUE,TRUE,,,,[]
212,DG 32:1,,,CHEBI:85687,3,1.17 (1.10; 1.25),0.001,0.001,0,0,Diacylglycerols,TRUE,TRUE,TRUE,,,,[]
215,DG 34:1,,,CHEBI:85694,5,1.47 (1.22; 1.77),0.001,0.001,66,0.027,Diacylglycerols,TRUE,TRUE,TRUE,,,,[]
216,DG 34:2,,,CHEBI:85693,6,1.34 (1.19; 1.52),0.001,0.001,71,0.013,Diacylglycerols,TRUE,TRUE,TRUE,,,,[]
218,DG 36:1,,,CHEBI:86980,3,1.74 (1.01; 3.01),0.046,0.119,97,0.222,Diacylglycerols,TRUE,FALSE,TRUE,,,,[]
219,DG 36:2,,,CHEBI:85701,5,1.30 (1.09; 1.55),0.003,0.014,87,0.03,Diacylglycerols,TRUE,TRUE,TRUE,,,,[]
220,DG 36:3,,,CHEBI:85700,5,1.22 (1.14; 1.31),0.001,0.001,13,0.001,Diacylglycerols,TRUE,TRUE,TRUE,,,,[]
222,DG 38:4,,,CHEBI:85705,2,1.25 (1.14; 1.36),0.001,0.001,39,0.002,Diacylglycerols,TRUE,TRUE,TRUE,,,,[]
223,DG 38:5,,,CHEBI:85704,2,1.19 (1.11; 1.27),0.001,0.001,0,0,Diacylglycerols,TRUE,TRUE,TRUE,,,,[]
37,2-hydroxybutyrate,,,HMDB00008,8,1.45 (1.24; 1.70),0.001,0.001,85,0.04,"Glycine, serine, and threonine metabolism",TRUE,TRUE,FALSE,,,,[]
41,Glycine,,,HMDB00123,18,0.79 (0.68; 0.90),0.001,0.003,89,0.071,"Glycine, serine, and threonine metabolism",TRUE,TRUE,FALSE,,,,[]
42,N-acetylglycine,,,HMDB00532,4,0.82 (0.67; 1.00),0.045,0.119,72,0.028,"Glycine, serine, and threonine metabolism",TRUE,FALSE,FALSE,,,,[]
68,Lactate,m_56,,HMDB00190,12,1.16 (1.01; 1.34),0.034,0.096,86,0.047,Glycolysis/gluconeogenesis and TCA cycle,TRUE,FALSE,FALSE,,,,[]
71,Pyruvate,,,HMDB00243,11,1.24 (1.10; 1.40),0.001,0.003,74,0.027,Glycolysis/gluconeogenesis and TCA cycle,TRUE,TRUE,FALSE,,,,[]
48,2-aminoadipate,,,HMDB00510,3,1.33 (1.18; 1.51),0.001,0.001,0,0,Lysine metabolism,TRUE,TRUE,FALSE,,,,[]
49,Lysine,,,HMDB00182,11,1.10 (1.05; 1.15),0.001,0.001,0,0,Lysine metabolism,TRUE,TRUE,FALSE,,,,[]
280,LPC 14:0,,,CHEBI:64483,7,1.09 (1.04; 1.14),0.001,0.003,0,0,Lysophosphatidylcholines,TRUE,TRUE,TRUE,,,,[]
284,LPC 17:0,,,CHEBI:72737,8,0.80 (0.74; 0.85),0.001,0.001,18,0.002,Lysophosphatidylcholines,TRUE,TRUE,TRUE,,,,[]
285,LPC 17:1,,,CHEBI:73853,2,0.79 (0.72; 0.87),0.001,0.001,0,0,Lysophosphatidylcholines,TRUE,TRUE,TRUE,,,,[]
286,LPC 18:0,,,CHEBI:64561,13,0.89 (0.82; 0.96),0.003,0.013,76,0.013,Lysophosphatidylcholines,TRUE,TRUE,TRUE,,,,[]
287,LPC 18:1,,,CHEBI:64566,13,0.79 (0.75; 0.83),0.001,0.001,24,0.002,Lysophosphatidylcholines,TRUE,TRUE,TRUE,,,,[]
288,LPC 18:2,,,CHEBI:64549,13,0.74 (0.69; 0.79),0.001,0.001,58,0.008,Lysophosphatidylcholines,TRUE,TRUE,TRUE,,,,[]
289,LPC 18:3,,,CHEBI:64565,3,0.85 (0.79; 0.92),0.001,0.001,16,0.001,Lysophosphatidylcholines,TRUE,TRUE,TRUE,,,,[]
290,LPC 19:1,,,,2,0.69 (0.58; 0.82),0.001,0.001,0,0,Lysophosphatidylcholines,TRUE,TRUE,TRUE,,,,[]
291,LPC 20:0,,,CHEBI:67058,3,0.81 (0.69; 0.94),0.008,0.028,71,0.013,Lysophosphatidylcholines,TRUE,TRUE,TRUE,,,,[]
292,LPC 20:1,,,CHEBI:67057,4,0.70 (0.60; 0.81),0.001,0.001,50,0.012,Lysophosphatidylcholines,TRUE,TRUE,TRUE,,,,[]
293,LPC 20:2,,,CHEBI:67056,4,0.84 (0.78; 0.90),0.001,0.001,0,0,Lysophosphatidylcholines,TRUE,TRUE,TRUE,,,,[]
295,LPC 20:4,,,CHEBI:64568,9,0.87 (0.81; 0.94),0.001,0.004,61,0.008,Lysophosphatidylcholines,TRUE,TRUE,TRUE,,,,[]
296,LPC 20:5,,,CHEBI:64559,5,0.92 (0.85; 0.99),0.025,0.074,3,0,Lysophosphatidylcholines,TRUE,FALSE,TRUE,,,,[]
298,LPC 22:6,,,CHEBI:64567,7,0.84 (0.75; 0.94),0.002,0.008,73,0.015,Lysophosphatidylcholines,TRUE,TRUE,TRUE,,,,[]
299,LPC 24:0,,,CHEBI:74470,3,0.81 (0.71; 0.93),0.003,0.012,73,0.009,Lysophosphatidylcholines,TRUE,TRUE,TRUE,,,,[]
327,LPI 16:1,,,CHEBI:74464,3,1.57 (1.16; 2.12),0.003,0.013,68,0.047,Lysophosphatidylinositols,TRUE,TRUE,TRUE,,,,[]
50,2-aminobutyrate,,,HMDB00452,2,1.53 (1.04; 2.27),0.032,0.092,77,0.062,Methionine metabolism,TRUE,FALSE,FALSE,,,,[]
51,Methionine,,,HMDB00696,12,1.10 (1.04; 1.17),0.001,0.006,46,0.005,Methionine metabolism,TRUE,TRUE,FALSE,,,,[]
53,Spermidine,,,HMDB01257,3,0.90 (0.84; 0.96),0.002,0.007,0,0,Methionine metabolism,TRUE,TRUE,FALSE,,,,[]
77,Gluconate,m_79,,HMDB00625,5,1.27 (1.04; 1.56),0.02,0.064,66,0.03,"Mono-, di- and oligosaccharides",TRUE,FALSE,FALSE,,,,[]
78,Glucose,m_78,,HMDB00122,4,2.53 (1.09; 5.87),0.031,0.089,97,0.699,"Mono-, di- and oligosaccharides",TRUE,FALSE,FALSE,,,,[]
80,Mannose,,,HMDB00169,3,2.58 (1.59; 4.20),0.001,0.001,87,0.157,"Mono-, di- and oligosaccharides",TRUE,TRUE,FALSE,,,,[]
81,Trehalose,,,HMDB00975,2,1.17 (1.09; 1.25),0.001,0.001,0,0,"Mono-, di- and oligosaccharides",TRUE,TRUE,FALSE,,,,[]
224,MG 16:1,,,CHEBI:87251,3,1.39 (1.27; 1.52),0.001,0.001,0,0,Monoacylglycerols,TRUE,TRUE,TRUE,,,,[]
225,MG 18:1,,,CHEBI:87256,4,1.16 (1.04; 1.29),0.007,0.026,72,0.008,Monoacylglycerols,TRUE,TRUE,TRUE,,,,[]
229,PC 30:0,l_275,['l_275'],CHEBI:65303,5,1.07 (1.03; 1.12),0.001,0.005,0,0,Phosphatidylcholines,TRUE,TRUE,TRUE,,,,['vl_2667']
234,PC 32:3,,,CHEBI:66847,3,0.89 (0.83; 0.95),0.001,0.005,0,0,Phosphatidylcholines,TRUE,TRUE,TRUE,,,,[]
243,PC 35:2,l_361,['l_361'],CHEBI:85766,4,0.81 (0.67; 0.97),0.025,0.075,84,0.028,Phosphatidylcholines,TRUE,FALSE,TRUE,,,,['vl_3104']
245,PC 36:1,l_474,['l_474'],CHEBI:66857,6,1.05 (1.00; 1.11),0.044,0.116,48,0.002,Phosphatidylcholines,TRUE,FALSE,TRUE,,,,['vl_3752']
252,PC 38:0,,,CHEBI:66861,2,0.88 (0.83; 0.93),0.001,0.001,0,0,Phosphatidylcholines,TRUE,TRUE,TRUE,,,,[]
255,PC 38:3,l_424,['l_424'],CHEBI:64446,7,1.19 (1.09; 1.29),0.001,0.001,75,0.008,Phosphatidylcholines,TRUE,TRUE,TRUE,,,,['vl_3517']
258,PC 38:6,l_252;l_213,"['l_213', 'l_252']",CHEBI:64519,9,0.94 (0.88; 0.99),0.032,0.091,59,0.004,Phosphatidylcholines,TRUE,FALSE,TRUE,,,,"['vl_2375', 'vl_2552']"
260,PC 40:1,,,CHEBI:66865,2,0.83 (0.77; 0.90),0.001,0.001,28,0.001,Phosphatidylcholines,TRUE,TRUE,TRUE,,,,[]
262,PC 40:3,l_492,['l_492'],CHEBI:66863,2,0.88 (0.83; 0.93),0.001,0.001,0,0,Phosphatidylcholines,TRUE,TRUE,TRUE,,,,['vl_3831']
268,PC 42:0,,,CHEBI:66971,2,0.78 (0.63; 0.95),0.015,0.049,87,0.019,Phosphatidylcholines,TRUE,TRUE,TRUE,,,,[]
269,PC 42:1,,,CHEBI:66970,2,0.83 (0.78; 0.89),0.001,0.001,19,0,Phosphatidylcholines,TRUE,TRUE,TRUE,,,,[]
270,PC 42:2,,,CHEBI:66969,2,0.88 (0.83; 0.93),0.001,0.001,0,0,Phosphatidylcholines,TRUE,TRUE,TRUE,,,,[]
271,PC 42:3,,,CHEBI:66968,2,0.82 (0.75; 0.89),0.001,0.001,0,0,Phosphatidylcholines,TRUE,TRUE,TRUE,,,,[]
272,PC 42:4,,,CHEBI:66967,2,0.88 (0.83; 0.93),0.001,0.001,0,0,Phosphatidylcholines,TRUE,TRUE,TRUE,,,,[]
275,PC 44:3,,,CHEBI:66976,2,0.92 (0.86; 1.00),0.038,0.104,0,0,Phosphatidylcholines,TRUE,FALSE,TRUE,,,,[]
276,PC 44:4,,,CHEBI:66975,2,0.81 (0.70; 0.94),0.007,0.024,68,0.008,Phosphatidylcholines,TRUE,TRUE,TRUE,,,,[]
278,PC 44:6,,,CHEBI:66973,2,0.76 (0.60; 0.96),0.02,0.064,87,0.025,Phosphatidylcholines,TRUE,FALSE,TRUE,,,,[]
300,PE 34:1,,,CHEBI:155834,2,1.36 (1.08; 1.72),0.009,0.032,59,0.019,Phosphatidylethanolamines,TRUE,TRUE,TRUE,,,,[]
301,PE 34:2,l_327,['l_327'],CHEBI:155835,2,1.19 (1.1; 1.29),0.001,0.001,45,0.001,Phosphatidylethanolamines,TRUE,TRUE,TRUE,,,,[]
303,PE 36:1,l_494,['l_494'],CHEBI:134451,3,1.41 (1.15; 1.74),0.001,0.005,83,0.026,Phosphatidylethanolamines,TRUE,TRUE,TRUE,,,,['vl_3877']
304,PE 36:2,l_422,['l_422'],CHEBI:141588,4,1.18 (1.07; 1.30),0.001,0.006,75,0.007,Phosphatidylethanolamines,TRUE,TRUE,TRUE,,,,[]
308,PE 38:4,l_404,['l_404'],CHEBI:134270,4,1.17 (1.07; 1.28),0.001,0.002,57,0.004,Phosphatidylethanolamines,TRUE,TRUE,TRUE,,,,['vl_3379']
311,PE 40:6,l_372,['l_372'],CHEBI:134241,2,1.21 (1.13; 1.29),0.001,0.001,0,0,Phosphatidylethanolamines,TRUE,TRUE,TRUE,,,,[]
324,PI 38:3,l_266;l_295,"['l_266', 'l_295']",CHEBI:91039,2,1.13 (1.05; 1.21),0.001,0.005,0,0,Phosphatidylinositols,TRUE,TRUE,TRUE,,,,['vl_2639']
326,PI 38:5,l_183,['l_183'],CHEBI:74241,2,0.85 (0.80; 0.92),0.001,0.001,0,0,Phosphatidylinositols,TRUE,TRUE,TRUE,,,,['vl_2194']
99,Inosine,,,HMDB00195,3,1.12 (1.00; 1.26),0.049,0.124,21,0.002,Purine metabolism,TRUE,FALSE,FALSE,,,,[]
331,SM 34:0,,,CHEBI:72513,3,1.15 (1.10; 1.21),0.001,0.001,0,0,Sphingomyelins,TRUE,TRUE,TRUE,,,,['vl_2876']
336,SM 36:1,l_384,['l_384'],CHEBI:72518,11,1.11 (1.01; 1.21),0.028,0.081,81,0.017,Sphingomyelins,TRUE,FALSE,TRUE,,,,['vl_3251']
338,SM 36:3,l_195,['l_195'],CHEBI:72520,6,0.86 (0.79; 0.93),0.001,0.001,44,0.004,Sphingomyelins,TRUE,TRUE,TRUE,,,,[]
339,SM 38:0,,,CHEBI:72522,2,1.37 (1.02; 1.83),0.034,0.096,97,0.042,Sphingomyelins,TRUE,FALSE,TRUE,,,,[]
340,SM 38:1,l_469,['l_469'],CHEBI:72523,6,1.13 (1.01; 1.26),0.034,0.095,87,0.016,Sphingomyelins,TRUE,FALSE,TRUE,,,,['vl_3744']
342,SM 38:3,,,CHEBI:72525,2,0.92 (0.85; 1.00),0.039,0.104,0,0,Sphingomyelins,TRUE,FALSE,TRUE,,,,[]
343,SM 39:1,l_503,['l_503'],CHEBI:85761,2,1.11 (1.03; 1.19),0.005,0.018,0,0,Sphingomyelins,TRUE,TRUE,TRUE,,,,['vl_3977']
345,SM 40:1,l_525,['l_525'],CHEBI:72528,7,1.16 (1.00; 1.34),0.047,0.119,89,0.028,Sphingomyelins,TRUE,FALSE,TRUE,,,,['vl_4195']
347,SM 41:1,l_536,['l_536'],CHEBI:83893,4,1.23 (1.14; 1.33),0.001,0.001,0,0,Sphingomyelins,TRUE,TRUE,TRUE,,,,['vl_4361']
355,SM 44:2,,,CHEBI:72539,2,0.88 (0.81; 0.96),0.004,0.014,23,0.001,Sphingomyelins,TRUE,TRUE,TRUE,,,,['vl_4508']
158,TG 46:1,l_719,['l_719'],CHEBI:85869,3,1.33 (1.23; 1.44),0.001,0.001,22,0.001,Triacylglycerols,TRUE,TRUE,TRUE,,,,['vl_5587']
159,TG 46:2,l_674,['l_674'],CHEBI:77447,3,1.29 (1.22; 1.37),0.001,0.001,0,0,Triacylglycerols,TRUE,TRUE,TRUE,,,,['vl_5383']
160,TG 48:0,l_835,['l_835'],CHEBI:85870,5,1.55 (1.37; 1.76),0.001,0.001,79,0.014,Triacylglycerols,TRUE,TRUE,TRUE,,,,['vl_6068']
161,TG 48:1,l_774,['l_774'],CHEBI:85726,7,1.46 (1.32; 1.61),0.001,0.001,73,0.012,Triacylglycerols,TRUE,TRUE,TRUE,,,,['vl_5809']
162,TG 48:2,l_724,['l_724'],CHEBI:85725,6,1.31 (1.21; 1.43),0.001,0.001,63,0.006,Triacylglycerols,TRUE,TRUE,TRUE,,,,['vl_5603']
163,TG 48:3,l_675,['l_675'],CHEBI:85871,6,1.26 (1.09; 1.47),0.002,0.01,83,0.025,Triacylglycerols,TRUE,TRUE,TRUE,,,,"['vl_5381', 'vl_5428']"
164,TG 48:4,l_631,['l_631'],CHEBI:85825,2,1.24 (1.13; 1.36),0.001,0.001,0,0,Triacylglycerols,TRUE,TRUE,TRUE,,,,[]
165,TG 49:2,l_754,['l_754'],CHEBI:85727,2,1.38 (1.30; 1.47),0.001,0.001,0,0,Triacylglycerols,TRUE,TRUE,TRUE,,,,['vl_5720']
166,TG 50:0,l_873,['l_873'],CHEBI:85874,6,1.51 (1.30; 1.75),0.001,0.001,75,0.023,Triacylglycerols,TRUE,TRUE,TRUE,,,,['vl_6290']
167,TG 50:1,l_831,['l_831'],CHEBI:84665,6,1.55 (1.38; 1.73),0.001,0.001,80,0.015,Triacylglycerols,TRUE,TRUE,TRUE,,,,"['vl_5621', 'vl_6057']"
168,TG 50:2,l_771;l_785,"['l_771', 'l_785']",CHEBI:84662,8,1.52 (1.36; 1.70),0.001,0.001,82,0.018,Triacylglycerols,TRUE,TRUE,TRUE,,,,"['vl_5804', 'vl_5837']"
169,TG 50:3,l_721,['l_721'],CHEBI:85729,7,1.37 (1.14; 1.66),0.001,0.005,93,0.055,Triacylglycerols,TRUE,TRUE,TRUE,,,,"['vl_5596', 'vl_5645']"
171,TG 50:5,l_639,['l_639'],CHEBI:90301,5,1.26 (1.13; 1.39),0.001,0.001,55,0.007,Triacylglycerols,TRUE,TRUE,TRUE,,,,['vl_5244']
172,TG 50:6,,,CHEBI:141285,2,1.25 (1.13; 1.37),0.001,0.001,0,0,Triacylglycerols,TRUE,TRUE,TRUE,,,,[]
173,TG 51:0,,,CHEBI:140862,3,1.38 (1.25; 1.53),0.001,0.001,0,0,Triacylglycerols,TRUE,TRUE,TRUE,,,,['vl_6343']
174,TG 51:1,l_854,['l_854'],CHEBI:85733,2,1.54 (1.36; 1.74),0.001,0.001,51,0.004,Triacylglycerols,TRUE,TRUE,TRUE,,,,['vl_6191']
175,TG 51:2,l_804,['l_804'],CHEBI:85732,4,1.33 (1.21; 1.46),0.001,0.001,51,0.004,Triacylglycerols,TRUE,TRUE,TRUE,,,,[]
176,TG 51:3,l_753,['l_753'],CHEBI:85731,3,1.31 (1.22; 1.42),0.001,0.001,0,0,Triacylglycerols,TRUE,TRUE,TRUE,,,,['vl_5718']
177,TG 52:1,l_871,['l_871'],CHEBI:90302,4,1.78 (1.35; 2.35),0.001,0.001,89,0.068,Triacylglycerols,TRUE,TRUE,TRUE,,,,['vl_6282']
178,TG 52:2,l_826,['l_826'],CHEBI:85736,5,1.57 (1.37; 1.80),0.001,0.001,57,0.012,Triacylglycerols,TRUE,TRUE,TRUE,,,,['vl_6043']
179,TG 52:3,l_782,['l_782'],CHEBI:84661,6,1.24 (1.08; 1.43),0.002,0.009,80,0.021,Triacylglycerols,TRUE,TRUE,TRUE,,,,['vl_5830']
182,TG 52:6,l_641;l_653,"['l_641', 'l_653']",CHEBI:85875,5,1.21 (1.03; 1.42),0.022,0.067,81,0.025,Triacylglycerols,TRUE,FALSE,TRUE,,,,[]
183,TG 52:7,,,CHEBI:136390,2,1.12 (1.02; 1.24),0.019,0.062,0,0,Triacylglycerols,TRUE,FALSE,TRUE,,,,['vl_5174']
184,TG 53:2,l_852,['l_852'],CHEBI:85739,3,1.33 (1.24; 1.44),0.001,0.001,0,0,Triacylglycerols,TRUE,TRUE,TRUE,,,,['vl_6183']
186,TG 54:1,l_892,['l_892'],CHEBI:90305,4,1.28 (1.03; 1.59),0.027,0.08,88,0.041,Triacylglycerols,TRUE,FALSE,TRUE,,,,['vl_6391']
187,TG 54:2,l_865,['l_865'],CHEBI:85743,4,1.42 (1.15; 1.74),0.001,0.005,78,0.03,Triacylglycerols,TRUE,TRUE,TRUE,,,,['vl_6270']
188,TG 54:3,l_833,['l_833'],CHEBI:84659,6,1.21 (1.12; 1.31),0.001,0.001,35,0.003,Triacylglycerols,TRUE,TRUE,TRUE,,,,[]
192,TG 54:7,l_646;l_670,"['l_646', 'l_670']",CHEBI:85740,6,1.30 (1.08; 1.56),0.005,0.018,89,0.043,Triacylglycerols,TRUE,TRUE,TRUE,,,,['vl_5379']
195,TG 55:6,,,CHEBI:85744,2,1.53 (1.08; 2.19),0.018,0.059,65,0.045,Triacylglycerols,TRUE,FALSE,TRUE,,,,[]
196,TG 56:3,l_866,['l_866'],CHEBI:85843,3,1.22 (1.08; 1.39),0.002,0.008,64,0.007,Triacylglycerols,TRUE,TRUE,TRUE,,,,['vl_6274']
198,TG 56:5,l_815,['l_815'],CHEBI:85751,5,1.24 (1.02; 1.51),0.029,0.083,90,0.042,Triacylglycerols,TRUE,FALSE,TRUE,,,,['vl_6010']
199,TG 56:6,l_758;l_797,"['l_758', 'l_797']",CHEBI:85750,5,1.25 (1.07; 1.47),0.005,0.018,76,0.022,Triacylglycerols,TRUE,TRUE,TRUE,,,,['vl_5897']
204,TG 58:7,l_740;l_756;l_794,"['l_740', 'l_756', 'l_794']",CHEBI:85755,2,1.18 (1.02; 1.37),0.026,0.078,76,0.009,Triacylglycerols,TRUE,FALSE,TRUE,,,,['vl_5892']
56,Indolelactate,,,HMDB00671,3,1.13 (1.06; 1.21),0.001,0.001,0,0,Tryptophan Metabolism,TRUE,TRUE,FALSE,,,,[]
57,Indolepropionate,,,HMDB02302,8,0.82 (0.74; 0.92),0.001,0.001,67,0.014,Tryptophan Metabolism,TRUE,TRUE,FALSE,,,,[]
106,2-hydroxyisobutyrate,,,HMDB00729,3,1.33 (1.22; 1.45),0.001,0.001,0,0,"Xenobiotics, food components",TRUE,TRUE,FALSE,,,,[]
13,3-methoxytyrosine,,,HMDB01434,3,0.81 (0.61; 1.07),0.134,0.258,68,0.042,AAA metabolism,FALSE,FALSE,FALSE,,,,[]
14,4-hydroxyphenylpyruvate,,,HMDB00707,2,1.17 (0.82; 1.66),0.396,0.538,79,0.053,AAA metabolism,FALSE,FALSE,FALSE,,,,[]
15,Benzoate,,,HMDB01870,3,0.97 (0.88; 1.07),0.569,0.687,8,0.001,AAA metabolism,FALSE,FALSE,FALSE,,,,[]
16,Hippurate,m_65,,HMDB00714,9,0.97 (0.89; 1.06),0.466,0.601,64,0.01,AAA metabolism,FALSE,FALSE,FALSE,,,,[]
109,3-dehydrocarnitine,,,HMDB12154,2,0.72 (0.50; 1.02),0.066,0.154,84,0.056,Acylcarnitine metabolism,FALSE,FALSE,FALSE,,,,[]
132,Acylcarnitine C10,,,HMDB00651,11,1.01 (0.93; 1.10),0.779,0.865,64,0.011,Acylcarnitine metabolism,FALSE,FALSE,TRUE,,,,[]
134,Acylcarnitine C12,,,HMDB02250,11,0.93 (0.84; 1.03),0.175,0.315,71,0.018,Acylcarnitine metabolism,FALSE,FALSE,TRUE,,,,[]
137,Acylcarnitine C12:1,,,CHEBI:86065,8,0.89 (0.72; 1.10),0.284,0.427,91,0.078,Acylcarnitine metabolism,FALSE,FALSE,TRUE,,,,[]
135,Acylcarnitine C12DC,,,CHEBI:74121,2,0.93 (0.74; 1.18),0.564,0.684,89,0.025,Acylcarnitine metabolism,FALSE,FALSE,TRUE,,,,[]
136,Acylcarnitine C12OH,,,CHEBI:73056,4,0.78 (0.47; 1.30),0.344,0.487,93,0.248,Acylcarnitine metabolism,FALSE,FALSE,TRUE,,,,[]
138,Acylcarnitine C13,,,CHEBI:137646,3,0.87 (0.75; 1.02),0.085,0.188,0,0,Acylcarnitine metabolism,FALSE,FALSE,TRUE,,,,[]
139,Acylcarnitine C14,l_10,,HMDB05066,10,0.99 (0.92; 1.06),0.746,0.844,44,0.005,Acylcarnitine metabolism,FALSE,FALSE,TRUE,,,,[]
142,Acylcarnitine C14:1OH,,,CHEBI:86067,4,1.16 (0.75; 1.80),0.492,0.619,96,0.18,Acylcarnitine metabolism,FALSE,FALSE,TRUE,,,,[]
143,Acylcarnitine C14:2,,,CHEBI:86069,7,0.97 (0.91; 1.02),0.249,0.403,10,0.001,Acylcarnitine metabolism,FALSE,FALSE,TRUE,,,,[]
140,Acylcarnitine C14OH,,,CHEBI:137647,4,1.31 (0.94; 1.85),0.114,0.23,93,0.104,Acylcarnitine metabolism,FALSE,FALSE,TRUE,,,,[]
144,Acylcarnitine C16,l_8,,HMDB00222,15,1.06 (0.99; 1.12),0.083,0.184,52,0.007,Acylcarnitine metabolism,FALSE,FALSE,TRUE,,,,[]
146,Acylcarnitine C16:1,l_7,,CHEBI:86032,6,1.11 (0.81; 1.52),0.517,0.64,94,0.142,Acylcarnitine metabolism,FALSE,FALSE,TRUE,,,,[]
147,Acylcarnitine C16:1OH,,,CHEBI:86033,3,1.02 (0.93; 1.13),0.646,0.744,0,0,Acylcarnitine metabolism,FALSE,FALSE,TRUE,,,,[]
148,Acylcarnitine C16:2,,,CHEBI:86035,6,1.13 (0.82; 1.55),0.466,0.601,96,0.143,Acylcarnitine metabolism,FALSE,FALSE,TRUE,,,,[]
145,Acylcarnitine C16OH,,,CHEBI:73070,4,1.07 (0.93; 1.23),0.358,0.501,62,0.011,Acylcarnitine metabolism,FALSE,FALSE,TRUE,,,,[]
149,Acylcarnitine C18,l_6,,HMDB00848,14,0.97 (0.81; 1.17),0.759,0.854,94,0.108,Acylcarnitine metabolism,FALSE,FALSE,TRUE,,,,[]
151,Acylcarnitine C18:1,l_5,,CHEBI:86475,11,0.98 (0.84; 1.15),0.835,0.895,90,0.058,Acylcarnitine metabolism,FALSE,FALSE,TRUE,,,,[]
152,Acylcarnitine C18:1OH,,,CHEBI:86039,4,1.00 (0.83; 1.21),0.979,0.989,58,0.02,Acylcarnitine metabolism,FALSE,FALSE,TRUE,,,,[]
153,Acylcarnitine C18:2,l_4,,CHEBI:86480,10,1.08 (0.88; 1.31),0.471,0.605,94,0.092,Acylcarnitine metabolism,FALSE,FALSE,TRUE,,,,[]
154,Acylcarnitine C18:2OH,,,CHEBI:73075,3,1.09 (0.87; 1.36),0.441,0.578,53,0.02,Acylcarnitine metabolism,FALSE,FALSE,TRUE,,,,[]
150,Acylcarnitine C18OH,,,CHEBI:73077,3,1.17 (0.93; 1.47),0.175,0.315,58,0.024,Acylcarnitine metabolism,FALSE,FALSE,TRUE,,,,[]
113,Acylcarnitine C2,l_3,,HMDB00201,16,1.00 (0.94; 1.07),0.993,0.998,56,0.008,Acylcarnitine metabolism,FALSE,FALSE,TRUE,,,,[]
155,Acylcarnitine C20,,,HMDB06460,6,1.08 (0.78; 1.49),0.651,0.747,95,0.147,Acylcarnitine metabolism,FALSE,FALSE,TRUE,,,,[]
156,Acylcarnitine C20:4,,,HMDB06455,5,1.18 (0.78; 1.78),0.434,0.571,96,0.203,Acylcarnitine metabolism,FALSE,FALSE,TRUE,,,,[]
157,Acylcarnitine C26,,,,2,1.02 (0.91; 1.15),0.761,0.854,0,0,Acylcarnitine metabolism,FALSE,FALSE,TRUE,,,,[]
114,Acylcarnitine C3,l_2,,HMDB00824,16,1.06 (0.98; 1.14),0.131,0.256,73,0.015,Acylcarnitine metabolism,FALSE,FALSE,TRUE,,,,[]
115,Acylcarnitine C3DC,,,HMDB02095,5,1.07 (0.81; 1.40),0.632,0.741,94,0.083,Acylcarnitine metabolism,FALSE,FALSE,TRUE,,,,[]
116,Acylcarnitine C4,l_1,,HMDB02013,14,0.97 (0.88; 1.06),0.473,0.606,76,0.02,Acylcarnitine metabolism,FALSE,FALSE,TRUE,,,,[]
122,Acylcarnitine C5:1,,,HMDB02366,6,0.96 (0.86; 1.08),0.483,0.614,72,0.013,Acylcarnitine metabolism,FALSE,FALSE,TRUE,,,,[]
120,Acylcarnitine C5DC,,,HMDB13130,7,0.97 (0.81; 1.16),0.722,0.821,88,0.046,Acylcarnitine metabolism,FALSE,FALSE,TRUE,,,,[]
123,Acylcarnitine C6,,,HMDB00756,10,0.94 (0.82; 1.07),0.327,0.471,84,0.036,Acylcarnitine metabolism,FALSE,FALSE,TRUE,,,,[]
125,Acylcarnitine C6OH,,,CHEBI:88772,2,0.97 (0.76; 1.25),0.832,0.895,68,0.023,Acylcarnitine metabolism,FALSE,FALSE,TRUE,,,,[]
126,Acylcarnitine C7,,,CHEBI:74303,2,1.00 (0.91; 1.11),0.96,0.988,0,0,Acylcarnitine metabolism,FALSE,FALSE,TRUE,,,,[]
127,Acylcarnitine C7DC,,,,5,0.92 (0.84; 1.01),0.08,0.179,55,0.006,Acylcarnitine metabolism,FALSE,FALSE,TRUE,,,,[]
128,Acylcarnitine C8,,,HMDB00791,13,0.97 (0.92; 1.02),0.221,0.368,22,0.002,Acylcarnitine metabolism,FALSE,FALSE,TRUE,,,,[]
129,Acylcarnitine C8OH,,,CHEBI:84100,2,1.01 (0.72; 1.41),0.957,0.988,80,0.048,Acylcarnitine metabolism,FALSE,FALSE,TRUE,,,,[]
131,Acylcarnitine C9,,,HMDB13288,3,1.03 (0.94; 1.13),0.557,0.677,35,0.002,Acylcarnitine metabolism,FALSE,FALSE,TRUE,,,,[]
112,Carnitine,m_95,,HMDB00062,14,1.04 (0.96; 1.14),0.33,0.473,74,0.018,Acylcarnitine metabolism,FALSE,FALSE,FALSE,,,,[]
21,Asparagine,m_103,,HMDB00168,8,1.03 (0.82; 1.29),0.817,0.885,95,0.099,"Alanine, aspartate, and glutamate metabolism",FALSE,FALSE,FALSE,,,,[]
22,Aspartic acid,,,HMDB00191,6,1.13 (1.00; 1.28),0.06,0.146,78,0.016,"Alanine, aspartate, and glutamate metabolism",FALSE,FALSE,FALSE,,,,[]
25,Arginine,m_105,,HMDB00517,13,1.00 (0.91; 1.11),0.965,0.988,81,0.024,"Arginine and proline metabolism, Urea cycle",FALSE,FALSE,FALSE,,,,[]
26,Citrulline,,,HMDB00904,12,1.00 (0.94; 1.06),0.997,0.998,31,0.003,"Arginine and proline metabolism, Urea cycle",FALSE,FALSE,FALSE,,,,[]
27,Creatinine,m_86,,HMDB00562,13,0.98 (0.89; 1.09),0.736,0.835,72,0.022,"Arginine and proline metabolism, Urea cycle",FALSE,FALSE,FALSE,,,,[]
28,Hydrooxyproline,,,HMDB00725,3,1.04 (0.96; 1.12),0.324,0.469,0,0,"Arginine and proline metabolism, Urea cycle",FALSE,FALSE,FALSE,,,,[]
29,NMMA,,,HMDB29416,4,1.01 (0.88; 1.16),0.851,0.906,67,0.012,"Arginine and proline metabolism, Urea cycle",FALSE,FALSE,FALSE,,,,[]
30,Ornithine,m_31,,HMDB00214,13,1.06 (0.97; 1.17),0.212,0.358,72,0.018,"Arginine and proline metabolism, Urea cycle",FALSE,FALSE,FALSE,,,,[]
31,Proline,m_22,,HMDB00162,2,1.65 (0.84; 3.23),0.148,0.278,95,0.226,"Arginine and proline metabolism, Urea cycle",FALSE,FALSE,FALSE,,,,[]
32,SDMA+ADMA,m_35,,"HMDB03334/
HMDB01539HMDB03334/
HMDB01539HMDB03334/
HMDB01539HMDB03334/
HMDB01539HMDB03334/
HMDB01539HMDB03334/
HMDB01539HMDB03334/
HMDB01539HMDB03334/
HMDB01539HMDB03334/
HMDB01539HMDB03334/
HMDB01539HMDB03334/
HMDB01539",10,0.97 (0.92; 1.02),0.206,0.353,0,0,"Arginine and proline metabolism, Urea cycle",FALSE,FALSE,FALSE,,,,[]
33,Urea,,,HMDB00294,5,1.18 (0.97; 1.44),0.102,0.213,86,0.041,"Arginine and proline metabolism, Urea cycle",FALSE,FALSE,FALSE,,,,[]
34,Xanthine,,,HMDB00292,3,1.11 (0.92; 1.34),0.295,0.438,87,0.023,"Arginine and proline metabolism, Urea cycle",FALSE,FALSE,FALSE,,,,[]
82,Threonate,m_11,,HMDB00943,2,0.86 (0.65; 1.15),0.312,0.458,60,0.025,Ascorbate and aldarate metabolism,FALSE,FALSE,FALSE,,,,[]
8,4-methyl-2-oxopentanoate,,,HMDB00695,4,1.48 (0.98; 2.24),0.065,0.153,90,0.157,BCAA metabolism,FALSE,FALSE,FALSE,,,,[]
35,Beta-alanine,m_99,,HMDB00056,2,0.92 (0.83; 1.01),0.089,0.192,0,0,Beta-alanine metabolism,FALSE,FALSE,FALSE,,,,[]
36,Pantothenate,,,HMDB00210,6,1.06 (0.92; 1.23),0.404,0.548,79,0.025,Beta-alanine metabolism,FALSE,FALSE,FALSE,,,,[]
358,Cer d18:0/16:0,,,HMDB11760,2,1.19 (0.96; 1.49),0.117,0.234,91,0.023,Ceramides,FALSE,FALSE,TRUE,,,,[]
359,Cer d18:0/18:0,,,HMDB11761,2,1.37 (0.93; 2.02),0.108,0.222,96,0.074,Ceramides,FALSE,FALSE,TRUE,,,,[]
361,Cer d18:0/22:0,,,HMDB11765,2,1.33 (0.96; 1.86),0.087,0.19,95,0.054,Ceramides,FALSE,FALSE,TRUE,,,,[]
363,Cer d18:0/24:1,,,HMDB11769,2,1.27 (0.95; 1.70),0.105,0.218,94,0.042,Ceramides,FALSE,FALSE,TRUE,,,,[]
374,Cer d18:1/26:1,,,,2,1.00 (0.93; 1.07),0.973,0.988,0,0,Ceramides,FALSE,FALSE,TRUE,,,,[]
375,Hex2Cer d18:1/24:0,,,,2,1.18 (0.88; 1.58),0.267,0.411,62,0.03,Ceramides,FALSE,FALSE,TRUE,,,,[]
376,Hex2Cer d18:1/24:1,,,,2,1.03 (0.92; 1.15),0.584,0.698,0,0,Ceramides,FALSE,FALSE,TRUE,,,,[]
379,HexCer d18:1/20:0,,,,2,1.08 (0.98; 1.18),0.101,0.213,50,0.002,Ceramides,FALSE,FALSE,TRUE,,,,[]
84,Choline,,,HMDB00097,9,0.94 (0.85; 1.04),0.234,0.384,72,0.016,Choline metabolism,FALSE,FALSE,FALSE,,,,[]
85,Dimethylglycine,,,HMDB00092,7,1.04 (0.92; 1.17),0.549,0.669,90,0.02,Choline metabolism,FALSE,FALSE,FALSE,,,,[]
86,Trimethylamine N-oxide,,,HMDB00925,8,1.07 (1.00; 1.14),0.065,0.153,48,0.004,Choline metabolism,FALSE,FALSE,FALSE,,,,[]
213,DG 32:2,,,CHEBI:85686,3,1.10 (0.99; 1.23),0.089,0.192,48,0.005,Diacylglycerols,FALSE,FALSE,TRUE,,,,[]
214,DG 34:0,,,CHEBI:86974,2,1.36 (0.92; 2.01),0.125,0.249,95,0.076,Diacylglycerols,FALSE,FALSE,TRUE,,,,[]
217,DG 34:3,,,CHEBI:85692,2,1.44 (0.94; 2.21),0.094,0.199,89,0.085,Diacylglycerols,FALSE,FALSE,TRUE,,,,[]
221,DG 36:4,,,CHEBI:85699,3,0.98 (0.77; 1.24),0.875,0.929,90,0.038,Diacylglycerols,FALSE,FALSE,TRUE,,,,[]
38,2-ketobutyrate,,,HMDB00005,2,1.28 (0.65; 2.53),0.483,0.614,91,0.221,"Glycine, serine, and threonine metabolism",FALSE,FALSE,FALSE,,,,[]
39,3-hydroxypyruvate,,,HMDB01352,2,1.29 (0.80; 2.08),0.287,0.43,83,0.098,"Glycine, serine, and threonine metabolism",FALSE,FALSE,FALSE,,,,[]
40,Creatine,,,HMDB00064,5,1.08 (0.91; 1.28),0.381,0.528,87,0.031,"Glycine, serine, and threonine metabolism",FALSE,FALSE,FALSE,,,,[]
43,Sarcosine,,,HMDB00271,4,1.01 (0.94; 1.08),0.832,0.895,0,0,"Glycine, serine, and threonine metabolism",FALSE,FALSE,FALSE,,,,[]
44,Serine,m_17,,HMDB00187,12,0.92 (0.83; 1.02),0.13,0.256,80,0.023,"Glycine, serine, and threonine metabolism",FALSE,FALSE,FALSE,,,,[]
45,Threonine,m_9,,HMDB00167,9,1.01 (0.96; 1.05),0.796,0.872,0,0,"Glycine, serine, and threonine metabolism",FALSE,FALSE,FALSE,,,,[]
63,2-hydroxyglutarate,,,HMDB59655,2,1.06 (0.97; 1.16),0.223,0.369,17,0.002,Glycolysis/gluconeogenesis and TCA cycle,FALSE,FALSE,FALSE,,,,[]
64,Citrate,,,HMDB00193,6,0.95 (0.87; 1.04),0.244,0.399,0,0,Glycolysis/gluconeogenesis and TCA cycle,FALSE,FALSE,FALSE,,,,[]
65,Fumarate,,,HMDB00134,3,0.94 (0.84; 1.05),0.266,0.411,21,0.002,Glycolysis/gluconeogenesis and TCA cycle,FALSE,FALSE,FALSE,,,,[]
66,Glycerol,,,HMDB00131,9,1.11 (0.88; 1.40),0.365,0.51,91,0.091,Glycolysis/gluconeogenesis and TCA cycle,FALSE,FALSE,FALSE,,,,[]
67,Isocitrate,,,HMDB00193,2,1.35 (1.00; 1.84),0.052,0.13,82,0.04,Glycolysis/gluconeogenesis and TCA cycle,FALSE,FALSE,FALSE,,,,[]
69,Malate,,,HMDB00156,4,1.04 (0.97; 1.13),0.27,0.411,0,0,Glycolysis/gluconeogenesis and TCA cycle,FALSE,FALSE,FALSE,,,,[]
70,Oxoglutarate,,,HMDB00208,4,1.30 (0.85; 1.97),0.223,0.369,93,0.165,Glycolysis/gluconeogenesis and TCA cycle,FALSE,FALSE,FALSE,,,,[]
72,Succinate,,,HMDB00254,4,1.02 (0.98; 1.07),0.352,0.495,0,0,Glycolysis/gluconeogenesis and TCA cycle,FALSE,FALSE,FALSE,,,,[]
46,Histamine,,,HMDB00870,3,1.06 (0.94; 1.18),0.332,0.473,56,0.006,Histidine metabolism,FALSE,FALSE,FALSE,,,,[]
47,Histidine,m_64,,HMDB00177,17,0.95 (0.90; 1.01),0.111,0.227,55,0.008,Histidine metabolism,FALSE,FALSE,FALSE,,,,[]
87,Myo-inositol,,,HMDB00211,2,0.85 (0.68; 1.07),0.177,0.317,14,0.004,Inositol metabolism,FALSE,FALSE,FALSE,,,,[]
73,3-hydroxybutyrate,,,HMDB00011,9,1.17 (0.98; 1.39),0.074,0.169,83,0.054,Ketone body metabolism,FALSE,FALSE,FALSE,,,,[]
74,Acetoacetate,,,HMDB00060,7,1.12 (0.99; 1.26),0.071,0.163,56,0.013,Ketone body metabolism,FALSE,FALSE,FALSE,,,,[]
281,LPC 15:0,,,CHEBI:72736,3,0.83 (0.64; 1.08),0.17,0.311,77,0.039,Lysophosphatidylcholines,FALSE,FALSE,TRUE,,,,[]
282,LPC 16:0,,,CHEBI:64563,11,0.96 (0.89; 1.03),0.228,0.375,70,0.009,Lysophosphatidylcholines,FALSE,FALSE,TRUE,,,,[]
283,LPC 16:1,,,CHEBI:64560,11,0.98 (0.93; 1.04),0.574,0.691,46,0.004,Lysophosphatidylcholines,FALSE,FALSE,TRUE,,,,[]
294,LPC 20:3,,,CHEBI:64481,7,1.02 (0.98; 1.07),0.316,0.461,8,0,Lysophosphatidylcholines,FALSE,FALSE,TRUE,,,,[]
297,LPC 22:5,,,CHEBI:74349,2,0.76 (0.53; 1.10),0.143,0.271,74,0.051,Lysophosphatidylcholines,FALSE,FALSE,TRUE,,,,[]
312,LPE 16:0,,,CHEBI:90452,8,0.90 (0.78; 1.03),0.133,0.258,89,0.032,Lysophosphatidylethanolamines,FALSE,FALSE,TRUE,,,,[]
313,LPE 18:0,,,CHEBI:64576,8,0.95 (0.88; 1.04),0.25,0.403,72,0.009,Lysophosphatidylethanolamines,FALSE,FALSE,TRUE,,,,[]
314,LPE 18:1,,,CHEBI:64575,7,0.94 (0.83; 1.05),0.268,0.411,82,0.019,Lysophosphatidylethanolamines,FALSE,FALSE,TRUE,,,,[]
315,LPE 18:2,,,CHEBI:91296,7,0.93 (0.81; 1.06),0.264,0.411,85,0.025,Lysophosphatidylethanolamines,FALSE,FALSE,TRUE,,,,[]
316,LPE 20:4,,,CHEBI:64569,6,0.96 (0.84; 1.10),0.52,0.642,86,0.022,Lysophosphatidylethanolamines,FALSE,FALSE,TRUE,,,,[]
317,LPE 22:6,,,CHEBI:72734,4,0.99 (0.92; 1.07),0.844,0.901,12,0.001,Lysophosphatidylethanolamines,FALSE,FALSE,TRUE,,,,[]
52,Putrescine,,,HMDB01414,2,0.95 (0.87; 1.04),0.25,0.403,0,0,Methionine metabolism,FALSE,FALSE,FALSE,,,,[]
89,"1,3-dimethylurate",,,HMDB01857,2,1.25 (0.97; 1.59),0.079,0.178,45,0.014,Methylxanthine metabolism,FALSE,FALSE,FALSE,,,,[]
88,1-methylurate,,,HMDB03099,2,0.95 (0.81; 1.11),0.491,0.619,0,0,Methylxanthine metabolism,FALSE,FALSE,FALSE,,,,[]
90,Caffeine,,,HMDB01847,4,1.17 (0.95; 1.44),0.132,0.257,63,0.028,Methylxanthine metabolism,FALSE,FALSE,FALSE,,,,[]
91,Hypoxanthine,,,HMDB00725,6,1.11 (0.95; 1.29),0.198,0.343,83,0.029,Methylxanthine metabolism,FALSE,FALSE,FALSE,,,,[]
92,Paraxanthine,,,HMDB01860,2,0.99 (0.85; 1.15),0.87,0.921,0,0,Methylxanthine metabolism,FALSE,FALSE,FALSE,,,,[]
93,Theobromine,,,HMDB02825,2,0.98 (0.68; 1.41),0.896,0.935,78,0.055,Methylxanthine metabolism,FALSE,FALSE,FALSE,,,,[]
94,Theophylline,,,HMDB01889,2,1.14 (0.97; 1.35),0.122,0.242,0,0,Methylxanthine metabolism,FALSE,FALSE,FALSE,,,,[]
75,"1,5-anhydrosorbitol",m_107,,HMDB02712,5,0.81 (0.54; 1.21),0.311,0.458,96,0.195,"Mono-, di- and oligosaccharides",FALSE,FALSE,FALSE,,,,[]
76,Fructose,,,HMDB00660,3,1.33 (0.89; 1.98),0.169,0.311,84,0.105,"Mono-, di- and oligosaccharides",FALSE,FALSE,FALSE,,,,[]
79,Mannitol,,,HMDB00765,2,0.65 (0.29; 1.46),0.295,0.438,84,0.29,"Mono-, di- and oligosaccharides",FALSE,FALSE,FALSE,,,,[]
226,MG 18:2,,,CHEBI:87257,2,1.09 (0.88; 1.35),0.432,0.571,79,0.019,Monoacylglycerols,FALSE,FALSE,TRUE,,,,[]
95,1-methylnicotinamide,,,HMDB00699,2,1.00 (0.90; 1.11),0.973,0.988,30,0.002,Nicotinate and nicotinamide metabolism,FALSE,FALSE,FALSE,,,,[]
96,Cotinine,,,HMDB01046,3,1.11 (0.98; 1.25),0.117,0.231,52,0.007,Nicotinate and nicotinamide metabolism,FALSE,FALSE,FALSE,,,,[]
97,Niacinamide,,,HMDB01406,5,1.04 (0.89; 1.21),0.64,0.739,81,0.025,Nicotinate and nicotinamide metabolism,FALSE,FALSE,FALSE,,,,[]
98,Trigonelline,m_7,,HMDB00875,2,0.98 (0.83; 1.16),0.803,0.882,0,0,Nicotinate and nicotinamide metabolism,FALSE,FALSE,FALSE,,,,[]
227,Glycerophosphocholine,m_109,,HMDB00086,7,0.85 (0.71; 1.01),0.06,0.146,83,0.04,Phosphatidylcholines,FALSE,FALSE,FALSE,,,,[]
228,PC 28:1,,,CHEBI:65293,2,0.99 (0.89; 1.10),0.814,0.885,45,0.003,Phosphatidylcholines,FALSE,FALSE,TRUE,,,,[]
230,PC 30:1,,,CHEBI:65302,4,1.02 (0.85; 1.22),0.836,0.895,82,0.026,Phosphatidylcholines,FALSE,FALSE,TRUE,,,,[]
231,PC 32:0,l_387,['l_387'],CHEBI:66850,7,1.06 (0.95; 1.19),0.27,0.411,87,0.016,Phosphatidylcholines,FALSE,FALSE,TRUE,,,,['vl_3258']
232,PC 32:1,l_289,['l_289'],CHEBI:66849,9,1.09 (0.99; 1.21),0.093,0.199,88,0.018,Phosphatidylcholines,FALSE,FALSE,TRUE,,,,['vl_2735']
233,PC 32:2,l_206,['l_206'],CHEBI:66848,7,1.04 (0.95; 1.14),0.384,0.528,76,0.01,Phosphatidylcholines,FALSE,FALSE,TRUE,,,,['vl_2327']
235,PC 33:1,l_338,['l_338'],CHEBI:86472,3,1.09 (0.85; 1.38),0.504,0.627,92,0.039,Phosphatidylcholines,FALSE,FALSE,TRUE,,,,['vl_3007']
236,PC 33:2,l_254,['l_254'],CHEBI:85853,4,0.83 (0.64; 1.07),0.142,0.27,91,0.056,Phosphatidylcholines,FALSE,FALSE,TRUE,,,,['vl_2566']
237,PC 33:3,,,CHEBI:134587,3,0.79 (0.58; 1.09),0.149,0.28,85,0.063,Phosphatidylcholines,FALSE,FALSE,TRUE,,,,['vl_2305']
238,PC 34:0,l_465,['l_465'],CHEBI:66855,6,1.03 (0.98; 1.09),0.218,0.365,27,0.001,Phosphatidylcholines,FALSE,FALSE,TRUE,,,,['vl_3729']
239,PC 34:1,l_393,['l_393'],CHEBI:64517,7,0.97 (0.85; 1.1.),0.633,0.741,93,0.027,Phosphatidylcholines,FALSE,FALSE,TRUE,,,,['vl_3306']
240,PC 34:2,l_305,['l_305'],CHEBI:64516,9,1.01 (0.89; 1.15),0.866,0.92,92,0.028,Phosphatidylcholines,FALSE,FALSE,TRUE,,,,['vl_2860']
241,PC 34:3,l_146;l_217,"['l_146', 'l_217']",CHEBI:64424,9,0.97 (0.83; 1.14),0.702,0.801,94,0.05,Phosphatidylcholines,FALSE,FALSE,TRUE,,,,['vl_2379']
242,PC 34:4,l_194,['l_194'],CHEBI:64423,5,1.06 (0.97; 1.17),0.203,0.351,64,0.007,Phosphatidylcholines,FALSE,FALSE,TRUE,,,,[]
244,PC 36:0,,,CHEBI:66858,4,0.95 (0.86; 1.04),0.262,0.411,77,0.007,Phosphatidylcholines,FALSE,FALSE,TRUE,,,,['vl_4135']
246,PC 36:2,l_407,['l_407'],CHEBI:64433,9,0.99 (0.96; 1.02),0.433,0.571,0,0,Phosphatidylcholines,FALSE,FALSE,TRUE,,,,['vl_3388']
247,PC 36:3,l_164;l_310;l_335;l_463,"['l_164', 'l_310', 'l_335', 'l_463']",CHEBI:64523,6,1.00 (0.92; 1.08),0.943,0.978,80,0.006,Phosphatidylcholines,FALSE,FALSE,TRUE,,,,[]
248,PC 36:4,l_235;l_279;l_396,"['l_235', 'l_279', 'l_396']",CHEBI:64520,7,0.93 (0.82; 1.06),0.261,0.411,94,0.025,Phosphatidylcholines,FALSE,FALSE,TRUE,,,,"['vl_2456', 'vl_2723']"
249,PC 36:5,l_179;l_216,"['l_179', 'l_216']",CHEBI:64504,5,0.98 (0.91; 1.05),0.505,0.627,66,0.004,Phosphatidylcholines,FALSE,FALSE,TRUE,,,,"['vl_2178', 'vl_2388']"
250,PC 36:6,l_172,['l_172'],CHEBI:66856,3,0.99 (0.9.; 1.08),0.786,0.868,49,0.003,Phosphatidylcholines,FALSE,FALSE,TRUE,,,,['vl_2167']
251,PC 37:4,l_337,['l_337'],CHEBI:72427,3,0.81 (0.58; 1.13),0.212,0.358,95,0.076,Phosphatidylcholines,FALSE,FALSE,TRUE,,,,['vl_2998']
253,PC 38:1,,,CHEBI:66860,2,0.91 (0.82; 1.02),0.093,0.199,74,0.005,Phosphatidylcholines,FALSE,FALSE,TRUE,,,,[]
254,PC 38:2,l_486,['l_486'],CHEBI:66859,7,1.02 (0.97; 1.08),0.394,0.538,21,0.001,Phosphatidylcholines,FALSE,FALSE,TRUE,,,,['vl_3814']
256,PC 38:4,l_325;l_391,"['l_325', 'l_391']",CHEBI:64526,6,0.98 (0.95; 1.01),0.206,0.353,0,0,Phosphatidylcholines,FALSE,FALSE,TRUE,,,,"['vl_3119', 'vl_3287', 'vl_3756']"
257,PC 38:5,l_285;l_319;l_408,"['l_285', 'l_319', 'l_408']",CHEBI:64525,5,0.95 (0.90; 1.01),0.089,0.192,63,0.002,Phosphatidylcholines,FALSE,FALSE,TRUE,,,,"['vl_2744', 'vl_2912']"
259,PC 39:6,l_299,['l_299'],CHEBI:131430,2,0.73 (0.46; 1.15),0.178,0.317,86,0.096,Phosphatidylcholines,FALSE,FALSE,TRUE,,,,[]
261,PC 40:2,,,CHEBI:66864,2,0.92 (0.84; 1.00),0.052,0.13,56,0.002,Phosphatidylcholines,FALSE,FALSE,TRUE,,,,[]
263,PC 40:4,l_445,['l_445'],CHEBI:66862,3,0.93 (0.79; 1.08),0.331,0.473,82,0.014,Phosphatidylcholines,FALSE,FALSE,TRUE,,,,['vl_3631']
264,PC 40:5,l_388;l_419,"['l_388', 'l_419']",CHEBI:64524,4,1.05 (0.98; 1.12),0.191,0.335,53,0.002,Phosphatidylcholines,FALSE,FALSE,TRUE,,,,"['vl_3278', 'vl_3484']"
265,PC 40:6,l_356;l_427,"['l_356', 'l_427']",CHEBI:64431,7,1.05 (0.97; 1.13),0.266,0.411,70,0.007,Phosphatidylcholines,FALSE,FALSE,TRUE,,,,['vl_3073']
266,PC 40:7,l_256,['l_256'],CHEBI:64521,2,0.68 (0.39; 1.20),0.188,0.333,91,0.152,Phosphatidylcholines,FALSE,FALSE,TRUE,,,,['vl_2762']
267,PC 40:9,,,CHEBI:85850,2,0.89 (0.80; 1.00),0.053,0.131,0,0,Phosphatidylcholines,FALSE,FALSE,TRUE,,,,['vl_2027']
273,PC 42:5,,,CHEBI:66966,2,0.98 (0.88; 1.10),0.751,0.848,73,0.005,Phosphatidylcholines,FALSE,FALSE,TRUE,,,,[]
274,PC 42:6,l_368,['l_368'],CHEBI:66965,2,1.05 (0.98; 1.13),0.193,0.338,0,0,Phosphatidylcholines,FALSE,FALSE,TRUE,,,,"['vl_3167', 'vl_3619']"
277,PC 44:5,,,CHEBI:66974,3,0.86 (0.70; 1.05),0.133,0.258,86,0.026,Phosphatidylcholines,FALSE,FALSE,TRUE,,,,[]
279,Phosphorylcholine,,,HMDB01565,3,0.91 (0.75; 1.11),0.351,0.495,75,0.022,Phosphatidylcholines,FALSE,FALSE,FALSE,,,,[]
302,PE 34:3,,,,2,1.04 (0.79; 1.36),0.786,0.868,93,0.035,Phosphatidylethanolamines,FALSE,FALSE,TRUE,,,,[]
305,PE 36:3,,,CHEBI:141589,3,1.03 (0.81; 1.30),0.825,0.892,96,0.041,Phosphatidylethanolamines,FALSE,FALSE,TRUE,,,,[]
306,PE 36:4,l_300,['l_300'],CHEBI:134271,5,1.18 (0.98; 1.41),0.075,0.171,93,0.036,Phosphatidylethanolamines,FALSE,FALSE,TRUE,,,,['vl_2851']
307,PE 36:5,,,,2,1.02 (0.93; 1.12),0.696,0.796,62,0.003,Phosphatidylethanolamines,FALSE,FALSE,TRUE,,,,[]
309,PE 38:5,,,CHEBI:134239,4,1.09 (0.89; 1.34),0.395,0.538,93,0.038,Phosphatidylethanolamines,FALSE,FALSE,TRUE,,,,['vl_3507']
310,PE 38:6,,,CHEBI:134428,3,1.08 (0.86; 1.35),0.498,0.624,95,0.036,Phosphatidylethanolamines,FALSE,FALSE,TRUE,,,,['vl_2641']
318,PI 34:0,,,CHEBI:74232,2,1.12 (0.90; 1.39),0.325,0.469,87,0.022,Phosphatidylinositols,FALSE,FALSE,TRUE,,,,[]
319,PI 34:1,l_222,['l_222'],CHEBI:74237,3,1.11 (0.92; 1.34),0.281,0.426,91,0.026,Phosphatidylinositols,FALSE,FALSE,TRUE,,,,[]
320,PI 36:1,l_323,['l_323'],CHEBI:74371,3,1.04 (0.93; 1.17),0.504,0.627,54,0.005,Phosphatidylinositols,FALSE,FALSE,TRUE,,,,[]
321,PI 36:2,l_244,['l_244'],CHEBI:74372,2,1.00 (0.93; 1.08),0.936,0.974,28,0.001,Phosphatidylinositols,FALSE,FALSE,TRUE,,,,['vl_2535']
322,PI 36:3,l_173,['l_173'],CHEBI:91036,2,0.95 (0.78; 1.15),0.575,0.691,86,0.017,Phosphatidylinositols,FALSE,FALSE,TRUE,,,,['vl_2181']
323,PI 36:4,l_160,['l_160'],CHEBI:75194,2,1.06 (0.92; 1.21),0.424,0.568,72,0.007,Phosphatidylinositols,FALSE,FALSE,TRUE,,,,['vl_2079']
325,PI 38:4,l_227,['l_227'],CHEBI:74240,3,1.04 (0.90; 1.19),0.615,0.728,80,0.012,Phosphatidylinositols,FALSE,FALSE,TRUE,,,,['vl_2463']
100,Urate,m_4,,HMDB00289,3,1.19 (0.99; 1.43),0.062,0.148,81,0.02,Purine metabolism,FALSE,FALSE,FALSE,,,,[]
101,3-aminoisobutanate,,,HMDB03911,3,0.95 (0.88; 1.03),0.21,0.357,7,0,Pyrimidine metabolism,FALSE,FALSE,FALSE,,,,[]
102,Pseudouridine,m_21,,HMDB00767,3,0.89 (0.66; 1.19),0.421,0.564,82,0.053,Pyrimidine metabolism,FALSE,FALSE,FALSE,,,,[]
103,Uridine,m_3,,HMDB00296,5,0.97 (0.75; 1.24),0.788,0.869,91,0.071,Pyrimidine metabolism,FALSE,FALSE,FALSE,,,,[]
328,SM 32:1,l_163,['l_163'],CHEBI:64586,8,1.05 (0.95; 1.16),0.318,0.462,79,0.013,Sphingomyelins,FALSE,FALSE,TRUE,,,,['vl_2119']
329,SM 32:2,,,CHEBI:72510,4,0.91 (0.74; 1.12),0.385,0.528,84,0.032,Sphingomyelins,FALSE,FALSE,TRUE,,,,[]
330,SM 33:1,l_208,['l_208'],CHEBI:64585,2,1.04 (0.80; 1.36),0.771,0.861,92,0.034,Sphingomyelins,FALSE,FALSE,TRUE,,,,['vl_2357']
332,SM 34:1,l_261,['l_261'],CHEBI:72514,11,0.97 (0.88; 1.08),0.699,0.728,85,0.022,Sphingomyelins,FALSE,FALSE,TRUE,,,,['vl_2617']
333,SM 34:2,l_177,['l_177'],CHEBI:64587,10,0.95 (0.86; 1.06),0.374,0.557,85,0.025,Sphingomyelins,FALSE,FALSE,TRUE,,,,['vl_2186']
334,SM 35:1,l_326,['l_326'],CHEBI:133629,2,1.02 (0.90; 1.16),0.77,0.861,65,0.005,Sphingomyelins,FALSE,FALSE,TRUE,,,,['vl_2950']
335,SM 36:0,l_418,['l_418'],CHEBI:72517,2,1.45 (0.95; 2.19),0.082,0.183,98,0.088,Sphingomyelins,FALSE,FALSE,TRUE,,,,[]
337,SM 36:2,l_274,['l_274'],CHEBI:72519,10,1.00 (0.90; 1.11),0.991,0.998,85,0.022,Sphingomyelins,FALSE,FALSE,TRUE,,,,['vl_2687']
341,SM 38:2,,,CHEBI:72524,5,0.94 (0.83; 1.05),0.261,0.411,72,0.011,Sphingomyelins,FALSE,FALSE,TRUE,,,,['vl_3330']
344,SM 40:0,,,CHEBI:72527,2,1.43 (0.92; 2.22),0.114,0.23,99,0.1,Sphingomyelins,FALSE,FALSE,TRUE,,,,['vl_4304']
346,SM 40:2,l_459;l_489,"['l_459', 'l_489']",CHEBI:72529,5,0.99 (0.88; 1.12),0.881,0.926,74,0.013,Sphingomyelins,FALSE,FALSE,TRUE,,,,['vl_3823']
348,SM 41:2,l_500;l_507,"['l_500', 'l_507']",CHEBI:85762,4,0.98 (0.92; 1.05),0.538,0.662,0,0,Sphingomyelins,FALSE,FALSE,TRUE,,,,['vl_4004']
349,SM 41:3,,,CHEBI:137914,2,0.74 (0.40; 1.37),0.334,0.475,84,0.172,Sphingomyelins,FALSE,FALSE,TRUE,,,,[]
350,SM 42:1,l_547,['l_547'],CHEBI:72533,9,0.97 (0.79; 1.19),0.792,0.87,96,0.086,Sphingomyelins,FALSE,FALSE,TRUE,,,,['vl_4558']
351,SM 42:2,l_520,['l_520'],CHEBI:72534,8,0.99 (0.89; 1.11),0.896,0.935,83,0.019,Sphingomyelins,FALSE,FALSE,TRUE,,,,['vl_4133']
352,SM 42:3,l_473,['l_473'],CHEBI:72535,4,0.99 (0.86; 1.13),0.871,0.921,78,0.013,Sphingomyelins,FALSE,FALSE,TRUE,,,,"['vl_2979', 'vl_3775']"
353,SM 42:4,,,CHEBI:72536,2,0.59 (0.31; 1.11),0.102,0.213,86,0.182,Sphingomyelins,FALSE,FALSE,TRUE,,,,[]
354,SM 44:1,,,CHEBI:72538,2,1.00 (0.84; 1.20),0.974,0.988,86,0.015,Sphingomyelins,FALSE,FALSE,TRUE,,,,['vl_4905']
356,Sphinganine,,,HMDB00269,2,1.30 (0.88; 1.93),0.191,0.335,56,0.045,Sphingomyelins,FALSE,FALSE,FALSE,,,,[]
357,Sphingosine,,,HMDB00252,3,0.95 (0.82; 1.10),0.467,0.602,0,0,Sphingomyelins,FALSE,FALSE,FALSE,,,,[]
54,Taurine,m_13,,HMDB00251,6,0.96 (0.83; 1.12),0.638,0.741,89,0.031,Taurine and hypotaurine metabolism,FALSE,FALSE,FALSE,,,,[]
170,TG 50:4,l_678,['l_678'],CHEBI:85832,5,1.15 (0.99; 1.34),0.061,0.148,79,0.02,Triacylglycerols,FALSE,FALSE,TRUE,,,,['vl_5405']
180,TG 52:4,l_731;l_765,"['l_731', 'l_765']",CHEBI:84660,4,1.06 (0.90; 1.23),0.484,0.614,85,0.02,Triacylglycerols,FALSE,FALSE,TRUE,,,,"['vl_5620', 'vl_5741']"
181,TG 52:5,l_714;l_690,"['l_690', 'l_714']",CHEBI:85734,3,1.09 (0.88; 1.35),0.445,0.582,85,0.028,Triacylglycerols,FALSE,FALSE,TRUE,,,,"['vl_5414', 'vl_5448', 'vl_5583']"
185,TG 53:3,l_808,['l_808'],CHEBI:85738,4,1.24 (0.99; 1.53),0.056,0.138,87,0.039,Triacylglycerols,FALSE,FALSE,TRUE,,,,['vl_5958']
189,TG 54:4,l_819;l_780;l_791,"['l_780', 'l_791', 'l_819']",CHEBI:85742,6,1.16 (0.95; 1.41),0.154,0.287,93,0.055,Triacylglycerols,FALSE,FALSE,TRUE,,,,"['vl_5822', 'vl_5856', 'vl_6022']"
190,TG 54:5,l_727;l_760,"['l_727', 'l_760']",CHEBI:85741,6,1.18 (0.96; 1.45),0.11,0.224,92,0.056,Triacylglycerols,FALSE,FALSE,TRUE,,,,"['vl_5616', 'vl_5736']"
191,TG 54:6,l_681;l_711,"['l_681', 'l_711']",CHEBI:85876,6,1.16 (0.98; 1.37),0.094,0.199,88,0.036,Triacylglycerols,FALSE,FALSE,TRUE,,,,"['vl_5572', 'vl_5644']"
193,TG 54:8,l_638,['l_638'],CHEBI:85837,3,1.17 (0.89; 1.55),0.267,0.411,86,0.051,Triacylglycerols,FALSE,FALSE,TRUE,,,,"['vl_5103', 'vl_5240']"
194,TG 54:9,,,CHEBI:138346,3,1.00 (0.89; 1.12),0.967,0.988,16,0.002,Triacylglycerols,FALSE,FALSE,TRUE,,,,[]
203,TG 56:10,,,CHEBI:85877,3,0.94 (0.81; 1.10),0.453,0.588,46,0.008,Triacylglycerols,FALSE,FALSE,TRUE,,,,"['vl_5025', 'vl_5156']"
197,TG 56:4,l_860;l_828,"['l_828', 'l_860']",CHEBI:85842,3,1.13 (0.95; 1.36),0.174,0.315,80,0.018,Triacylglycerols,FALSE,FALSE,TRUE,,,,[]
200,TG 56:7,l_738;l_705,"['l_705', 'l_738']",CHEBI:85749,4,1.21 (0.94; 1.55),0.141,0.269,91,0.057,Triacylglycerols,FALSE,FALSE,TRUE,,,,"['vl_5545', 'vl_5637']"
201,TG 56:8,l_686;l_668,"['l_668', 'l_686']",CHEBI:85748,5,1.10 (0.88; 1.39),0.407,0.55,94,0.063,Triacylglycerols,FALSE,FALSE,TRUE,,,,"['vl_5370', 'vl_5443']"
202,TG 56:9,l_628;l_642,"['l_628', 'l_642']",CHEBI:85747,3,0.89 (0.72; 1.11),0.312,0.458,72,0.026,Triacylglycerols,FALSE,FALSE,TRUE,,,,[]
207,TG 58:10,l_644;l_665,"['l_644', 'l_665']",CHEBI:85732,3,1.01 (0.67; 1.52),0.974,0.988,93,0.121,Triacylglycerols,FALSE,FALSE,TRUE,,,,['vl_5265']
208,TG 58:11,l_617;l_613;l_635,"['l_613', 'l_617', 'l_635']",CHEBI:132733,2,1.30 (0.82; 2.07),0.265,0.411,92,0.103,Triacylglycerols,FALSE,FALSE,TRUE,,,,"['vl_5104', 'vl_5226']"
205,TG 58:8,l_703;l_741,"['l_703', 'l_741']",CHEBI:85754,3,1.07 (0.90; 1.27),0.434,0.571,77,0.016,Triacylglycerols,FALSE,FALSE,TRUE,,,,"['vl_5535', 'vl_5642']"
206,TG 58:9,l_702;l_658;l_683,"['l_658', 'l_683', 'l_702']",CHEBI:85753,3,1.02 (0.88; 1.18),0.779,0.865,59,0.009,Triacylglycerols,FALSE,FALSE,TRUE,,,,['vl_5437']
209,TG 60:12,l_652;l_632,"['l_632', 'l_652']",CHEBI:134112,2,0.89 (0.65; 1.21),0.451,0.588,79,0.039,Triacylglycerols,FALSE,FALSE,TRUE,,,,"['vl_5124', 'vl_5187', 'vl_5224']"
55,Indoleacetate,,,HMDB00197,4,0.92 (0.79; 1.07),0.268,0.411,70,0.014,Tryptophan Metabolism,FALSE,FALSE,FALSE,,,,[]
58,Kynurenate,,,HMDB00715,4,1.25 (0.90; 1.74),0.188,0.333,95,0.104,Tryptophan Metabolism,FALSE,FALSE,FALSE,,,,[]
59,Kynurenine,,,HMDB00684,6,1.00 (0.88; 1.13),0.998,0.998,76,0.017,Tryptophan Metabolism,FALSE,FALSE,FALSE,,,,[]
60,Quinolinate,,,HMDB00232,2,0.98 (0.89; 1.08),0.642,0.741,0,0,Tryptophan Metabolism,FALSE,FALSE,FALSE,,,,[]
61,Serotonin,,,HMDB00259,4,1.04 (0.89; 1.21),0.642,0.741,90,0.023,Tryptophan Metabolism,FALSE,FALSE,FALSE,,,,[]
62,Tryptophan,m_6,,HMDB00929,14,1.14 (0.99; 1.30),0.065,0.153,88,0.054,Tryptophan Metabolism,FALSE,FALSE,FALSE,,,,[]
104,?-tocopherol,,,HMDB01492,2,0.87 (0.73; 1.04),0.139,0.267,0,0,Ubiquinone and other terpenoid-quinone biosynthesis,FALSE,FALSE,FALSE,,,,[]
105,2-hydroxyhippurate,,,HMDB00840,2,1.08 (0.89; 1.30),0.433,0.571,44,0.009,"Xenobiotics, food components",FALSE,FALSE,FALSE,,,,[]
107,Erythirol,,,HMDB02994,2,1.12 (0.92; 1.35),0.254,0.408,0,0,"Xenobiotics, food components",FALSE,FALSE,FALSE,,,,[]
108,Piperine,,,HMDB29377,3,0.98 (0.74; 1.30),0.884,0.927,76,0.048,"Xenobiotics, food components",FALSE,FALSE,FALSE,,,,[]
